Property_ID,Customer_ID,Project_Name,Property_Type,BHK,City,Locality,Pincode,Latitude,Longitude,Area_sqft,Floor,Total_Floors,Price_per_sqft,Listed_Price,Discount_Pct,Final_Price,Booking_Date,Possession_Date,Customer_Age,Annual_Income,Family_Size,Occupation,Lead_Source,Campaign,Website_Visits,Calls,Site_Visits,Loan_Required,Loan_Amount,Interest_Rate,Loan_Tenure_Years,Amenities,Parking,Furnishing,Facing,Payment_Mode,Sales_Status,Days_to_Sale
SRP100000,CUST100000,Srijan Residency,Apartment,2 BHK,Kolkata,Sonarpur,700019,22.57378,88.374023,983,11,31,6385,6276455,3.18,6076864,1/23/2022,8/13/2022,37,60800,2,Self Employed,Instagram,Festive Offer,7,6,2,Yes,3648000,7.98,20,Clubhouse,Yes,Unfurnished,North,Mixed,Sold,19
SRP100001,CUST100001,Srijan Gardenia,Penthouse,1 BHK,Kolkata,Garia,700107,22.466103,88.526942,1108,5,27,7539,8353212,3.48,8062520,10/31/2023,6/17/2025,21,78100,1,Engineer,Website,Monsoon Offer,8,4,0,Yes,4686000,8.24,15,"Pool,Park",No,Unfurnished,South-East,Mixed,Negotiation,
SRP100002,CUST100002,Srijan Prime,Apartment,2 BHK,Kolkata,Sonarpur,700107,22.699017,88.511045,1465,18,18,7340,10753100,3.57,10369214,10/12/2025,3/7/2026,36,60500,1,IT Professional,Email Campaign,Referral Drive,10,1,0,No,0,0,0,Clubhouse,Yes,Unfurnished,East,Mixed,Negotiation,
SRP100003,CUST100003,Srijan Urban Vista,Apartment,2 BHK,Kolkata,Rajarhat,700124,22.742919,88.353317,996,3,32,7655,7624380,7.85,7025866,10/2/2023,8/31/2024,34,68100,4,Government Employee,Broker,Digital Awareness,8,1,1,Yes,3873184,9.07,25,Swimming Pool,Yes,Fully Furnished,South-East,Self Funded,Sold,78
SRP100004,CUST100004,Srijan Residency,Apartment,4 BHK,Kolkata,EM Bypass,711101,22.699989,88.439394,1295,1,30,4842,6270390,2.85,6091684,1/6/2025,11/15/2025,46,79900,1,IT Professional,Broker,Monsoon Offer,12,2,1,Yes,4571549,7.2,10,Basic,Yes,Fully Furnished,South,Home Loan,Sold,70
SRP100005,CUST100005,Srijan Meadows,Apartment,3 BHK,Kolkata,Ballygunge,711101,22.479439,88.51164,939,17,23,7894,7412466,5.4,7012193,3/26/2024,8/22/2025,40,72800,4,Self Employed,Broker,Summer Sale,8,3,0,Yes,4368000,9.42,10,Swimming Pool,Yes,Unfurnished,East,Home Loan,Available,
SRP100006,CUST100006,Srijan Courtyard,Apartment,1 BHK,Kolkata,Garia,700124,22.564761,88.428061,743,18,20,7672,5700296,4.62,5436942,11/17/2025,6/11/2026,41,101500,2,Self Employed,Walk-in,Festive Offer,7,1,2,Yes,2535883,9.3,20,Park,No,Unfurnished,South-East,Mixed,Negotiation,
SRP100007,CUST100007,Srijan Residency,Plot,2 BHK,Kolkata,Tollygunge,700107,22.69813,88.329937,2635,5,11,5513,14526755,4.89,13816397,1/7/2024,12/19/2024,41,49200,3,Teacher,Email Campaign,Monsoon Offer,8,4,1,Yes,2952000,8.73,15,"Pool,Park",Yes,Semi-Furnished,East,Mixed,Sold,38
SRP100008,CUST100008,Srijan Prime,Plot,4 BHK,Kolkata,Sonarpur,700033,22.55049,88.26406,1602,6,9,4225,6768450,9.44,6129508,7/2/2025,12/11/2025,21,61400,1,Engineer,Facebook,New Year Campaign,7,2,1,No,0,0,0,"Gym,Pool,Clubhouse",Yes,Semi-Furnished,North-East,Self Funded,Available,
SRP100009,CUST100009,Srijan Urban Vista,Apartment,3 BHK,Kolkata,Salt Lake,700064,22.478994,88.264291,1757,16,16,7149,12560793,4.02,12055849,9/27/2023,8/2/2024,32,102000,4,Government Employee,Property Portal,Summer Sale,3,7,1,Yes,5501841,8.69,25,Park,No,Unfurnished,North,Home Loan,Available,
SRP100010,CUST100010,Srijan Gardenia,Apartment,3 BHK,Kolkata,Howrah,700052,22.591258,88.371867,1240,16,23,6263,7766120,2.89,7541679,12/20/2024,3/19/2027,48,81600,4,IT Professional,Broker,Festive Offer,4,2,1,Yes,4346949,7.2,10,Swimming Pool,No,Semi-Furnished,North-East,Home Loan,Available,
SRP100011,CUST100011,Srijan Prime,Villa,2 BHK,Kolkata,New Town,711101,22.494719,88.33313,800,10,12,9281,7424800,11.68,6557583,3/12/2024,2/4/2026,22,55800,5,Engineer,Instagram,Summer Sale,3,4,2,Yes,3348000,8.18,25,Park,Yes,Unfurnished,South-East,Mixed,Available,
SRP100012,CUST100012,Srijan Prime,Apartment,3 BHK,Kolkata,New Town,711101,22.566287,88.460255,1499,28,28,5277,7910223,2.85,7684782,3/21/2023,1/6/2025,40,72700,1,Teacher,Google Ads,Digital Awareness,6,0,1,Yes,4362000,8.35,20,Swimming Pool,No,Semi-Furnished,South-East,Home Loan,Available,
SRP100013,CUST100013,Srijan Courtyard,Apartment,3 BHK,Kolkata,Dum Dum,700064,22.450437,88.383674,971,27,27,7716,7492236,8.9,6825427,4/14/2023,9/8/2025,21,84200,4,IT Professional,Instagram,Monsoon Offer,6,2,1,Yes,4258816,9.75,20,Park,Yes,Semi-Furnished,South,Mixed,Negotiation,
SRP100014,CUST100014,Srijan Harmony,Apartment,3 BHK,Kolkata,Tollygunge,700107,22.656276,88.31311,1955,23,23,7071,13823805,4.77,13164410,12/5/2022,10/8/2023,40,48600,3,IT Professional,Broker,Digital Awareness,9,2,2,Yes,2916000,8.46,25,Park,Yes,Fully Furnished,North,Home Loan,Available,
SRP100015,CUST100015,Srijan Urban Vista,Apartment,2 BHK,Kolkata,Garia,700064,22.729199,88.385857,1216,28,28,9651,11735616,4.27,11234505,3/5/2023,3/11/2025,33,102500,3,Doctor,Referral,Referral Drive,11,3,1,Yes,6150000,8.85,20,"Gym,Clubhouse",Yes,Fully Furnished,South-East,Mixed,Sold,99
SRP100016,CUST100016,Srijan Greenview,Villa,2 BHK,Kolkata,Howrah,700102,22.712317,88.387837,683,26,26,6052,4133516,8.8,3769767,10/7/2023,3/13/2024,53,35800,4,IT Professional,Walk-in,Digital Awareness,4,4,0,No,0,0,0,"Gym,Pool,Clubhouse",Yes,Fully Furnished,West,Home Loan,Available,
SRP100017,CUST100017,Srijan Prime,Apartment,3 BHK,Kolkata,Sonarpur,711101,22.573279,88.524022,1496,6,23,8309,12430264,5.65,11727954,2/25/2022,9/14/2022,34,55600,5,Government Employee,Website,Festive Offer,10,1,3,Yes,3336000,9.08,15,"Gym,Clubhouse",No,Semi-Furnished,North-East,Self Funded,Negotiation,
SRP100018,CUST100018,Srijan Harmony,Apartment,2 BHK,Kolkata,New Town,700102,22.718331,88.25738,1006,1,32,9200,9255200,0,9255200,6/16/2024,12/25/2025,44,31900,2,Other,Property Portal,Digital Awareness,6,6,1,Yes,1914000,9.99,30,Clubhouse,Yes,Unfurnished,East,Home Loan,Available,
SRP100019,CUST100019,Srijan Greenview,Apartment,2 BHK,Kolkata,Garia,700124,22.643274,88.434289,1336,6,27,5216,6968576,0,6968576,8/15/2025,6/3/2027,33,175300,3,Doctor,Referral,Digital Awareness,7,4,0,No,0,0,0,"Gym,Pool,Clubhouse",Yes,Fully Furnished,West,Home Loan,Available,
SRP100020,CUST100020,Srijan Urban Vista,Apartment,3 BHK,Kolkata,Garia,700102,22.653057,88.485314,1609,27,27,4825,7763425,4.14,7442019,8/26/2024,2/5/2027,37,48500,2,Engineer,Website,New Year Campaign,7,1,1,Yes,2910000,8.53,20,"Gym,Pool,Clubhouse",Yes,Semi-Furnished,West,Home Loan,Sold,45
SRP100021,CUST100021,Srijan Realty Heights,Apartment,3 BHK,Kolkata,EM Bypass,700124,22.518147,88.401817,1781,24,24,6486,11551566,3.9,11101055,9/8/2023,8/26/2025,45,53100,2,Other,Broker,Summer Sale,8,0,2,No,0,0,0,"Gym,Clubhouse",Yes,Unfurnished,South,Home Loan,Available,
SRP100022,CUST100022,Srijan Meadows,Villa,2 BHK,Kolkata,Garia,700084,22.490079,88.347819,1441,23,26,5600,8069600,7.06,7499886,12/23/2023,1/31/2026,38,62900,4,Engineer,Website,Summer Sale,3,1,2,Yes,3774000,8.35,20,"Gym,Clubhouse",Yes,Unfurnished,South,Mixed,Sold,77
SRP100023,CUST100023,Srijan Harmony,Apartment,4 BHK,Kolkata,EM Bypass,700033,22.518383,88.449605,2302,15,20,7224,16629648,2.56,16203929,5/24/2023,10/20/2024,41,92400,4,Business Owner,Email Campaign,Referral Drive,3,3,1,Yes,5544000,9.95,25,"Gym,Clubhouse",Yes,Semi-Furnished,South,Mixed,Available,
SRP100024,CUST100024,Srijan Enclave,Plot,3 BHK,Kolkata,Howrah,700102,22.498216,88.300638,559,6,13,5579,3118661,7.73,2877589,9/7/2023,5/19/2025,36,61300,2,Business Owner,Referral,Referral Drive,8,2,0,No,0,0,0,Gym,No,Semi-Furnished,West,Self Funded,Available,
SRP100025,CUST100025,Srijan Realty Heights,Apartment,1 BHK,Kolkata,Sonarpur,700102,22.646557,88.481599,1202,22,29,7502,9017404,2.61,8782050,1/2/2023,12/5/2023,26,66200,3,IT Professional,Walk-in,Premium Launch,13,2,1,Yes,3972000,9.35,15,"Gym,Pool",Yes,Fully Furnished,West,Home Loan,Sold,92
SRP100026,CUST100026,Srijan Meadows,Villa,4 BHK,Kolkata,EM Bypass,700084,22.639945,88.43202,1987,8,23,5394,10717878,1.29,10579617,3/2/2025,6/2/2026,35,47600,4,Business Owner,Walk-in,Premium Launch,5,4,1,No,0,0,0,"Gym,Pool",No,Semi-Furnished,West,Home Loan,Available,
SRP100027,CUST100027,Srijan Courtyard,Apartment,2 BHK,Kolkata,Rajarhat,700084,22.57113,88.360987,762,14,14,8286,6313932,2.1,6181339,3/26/2022,9/2/2022,44,41500,6,Business Owner,Google Ads,Premium Launch,5,5,1,Yes,2490000,7.45,15,Park,No,Semi-Furnished,North-East,Mixed,Negotiation,
SRP100028,CUST100028,Srijan Residency,Apartment,3 BHK,Kolkata,Behala,700124,22.53672,88.471802,1482,22,33,7010,10388820,7.05,9656408,6/5/2024,12/21/2025,32,42700,4,Engineer,Walk-in,Digital Awareness,7,1,2,No,0,0,0,Park,No,Semi-Furnished,East,Home Loan,Sold,119
SRP100029,CUST100029,Srijan Gardenia,Apartment,3 BHK,Kolkata,Tollygunge,700052,22.537521,88.335501,1087,25,31,5534,6015458,2.86,5843416,5/23/2023,4/29/2024,38,66900,3,Private Employee,Referral,Monsoon Offer,7,1,0,No,0,0,0,"Pool,Park",Yes,Unfurnished,West,Self Funded,Sold,86
SRP100030,CUST100030,Srijan Enclave,Apartment,5 BHK,Kolkata,EM Bypass,700019,22.481957,88.479974,1204,11,20,6971,8393084,9.11,7628474,8/11/2025,5/1/2026,23,80600,1,Self Employed,Website,Premium Launch,10,6,3,Yes,3840691,8.79,20,"Gym,Clubhouse",Yes,Unfurnished,South-East,Mixed,Sold,45
SRP100031,CUST100031,Srijan Courtyard,Villa,2 BHK,Kolkata,Sonarpur,700107,22.626576,88.489057,1244,18,26,8004,9956976,1.09,9848445,8/28/2022,12/20/2022,46,48800,4,IT Professional,Facebook,Referral Drive,10,6,0,Yes,2928000,8.72,25,Clubhouse,Yes,Semi-Furnished,North-East,Home Loan,Available,
SRP100032,CUST100032,Srijan Urban Vista,Penthouse,3 BHK,Kolkata,Ballygunge,700033,22.629873,88.355386,1780,8,22,5225,9300500,3.81,8946151,3/3/2025,9/11/2025,32,57300,6,Engineer,Google Ads,New Year Campaign,9,3,0,Yes,3438000,10.07,25,"Gym,Pool,Clubhouse",Yes,Semi-Furnished,West,Mixed,Sold,7
SRP100033,CUST100033,Srijan Courtyard,Apartment,4 BHK,Kolkata,Salt Lake,700102,22.721349,88.421863,1266,11,30,8095,10248270,11.99,9019502,2/27/2025,7/4/2025,47,65600,4,Business Owner,Email Campaign,New Year Campaign,12,1,0,No,0,0,0,"Gym,Pool,Clubhouse",Yes,Unfurnished,East,Mixed,Available,
SRP100034,CUST100034,Srijan Residency,Apartment,3 BHK,Kolkata,EM Bypass,700124,22.589281,88.459434,557,7,28,7217,4019869,8.86,3663709,11/11/2024,12/6/2026,52,106000,2,Private Employee,Email Campaign,New Year Campaign,4,1,1,Yes,2450630,8.74,20,Gym,Yes,Unfurnished,West,Home Loan,Sold,21
SRP100035,CUST100035,Srijan Urban Vista,Plot,4 BHK,Kolkata,Rajarhat,700107,22.517506,88.454312,1239,3,12,7175,8889825,1.84,8726252,7/27/2022,12/2/2024,30,25000,6,Private Employee,Property Portal,Summer Sale,10,1,1,No,0,0,0,Basic,No,Semi-Furnished,North-East,Self Funded,Sold,81
SRP100036,CUST100036,Srijan Enclave,Apartment,4 BHK,Kolkata,Tollygunge,700064,22.621854,88.465115,901,1,21,6143,5534843,3.25,5354961,4/29/2022,3/13/2024,40,102300,2,Doctor,Facebook,Premium Launch,8,4,3,Yes,3605111,9.18,20,Park,Yes,Semi-Furnished,West,Home Loan,Sold,62
SRP100037,CUST100037,Srijan Residency,Plot,2 BHK,Kolkata,New Town,700019,22.461977,88.440505,1328,25,25,9472,12578816,6.6,11748614,5/8/2022,5/30/2023,23,74200,3,Engineer,Property Portal,Referral Drive,12,1,1,No,0,0,0,"Pool,Park",No,Unfurnished,North,Self Funded,Negotiation,
SRP100038,CUST100038,Srijan Greenview,Apartment,3 BHK,Kolkata,Garia,711101,22.45487,88.514507,1536,10,12,7276,11175936,1.87,10966946,3/1/2024,7/18/2026,48,49400,3,Doctor,Broker,Summer Sale,8,3,3,Yes,2964000,8.04,25,Park,Yes,Unfurnished,North-East,Self Funded,Sold,25
SRP100039,CUST100039,Srijan Gardenia,Apartment,2 BHK,Kolkata,Howrah,700064,22.630017,88.455275,661,13,25,4307,2846927,6.44,2663585,8/24/2024,2/8/2025,26,71600,1,Government Employee,Instagram,Referral Drive,3,0,1,Yes,1368315,8.86,15,"Gym,Pool",Yes,Unfurnished,West,Mixed,Available,
SRP100040,CUST100040,Srijan Enclave,Apartment,1 BHK,Kolkata,Behala,700091,22.554648,88.319671,1684,12,12,5775,9725100,2.22,9509203,11/28/2023,12/15/2024,21,86800,3,Self Employed,Referral,New Year Campaign,9,4,1,Yes,5208000,8.75,20,Gym,Yes,Semi-Furnished,South-East,Mixed,Available,
SRP100041,CUST100041,Srijan Greenview,Apartment,3 BHK,Kolkata,Behala,700091,22.540782,88.383201,1193,6,25,7113,8485809,9.56,7674566,5/3/2024,5/12/2025,32,37600,6,Business Owner,Referral,New Year Campaign,9,2,3,Yes,2256000,8.53,25,"Pool,Park",Yes,Unfurnished,South,Home Loan,Sold,10
SRP100042,CUST100042,Srijan Meadows,Penthouse,4 BHK,Kolkata,Barasat,700033,22.615282,88.264834,680,9,29,8391,5705880,6.08,5358962,5/29/2023,11/26/2024,32,59000,4,Business Owner,Walk-in,Referral Drive,7,3,2,Yes,3294024,8.13,25,Park,Yes,Semi-Furnished,East,Self Funded,Sold,44
SRP100043,CUST100043,Srijan Enclave,Apartment,3 BHK,Kolkata,Ballygunge,711101,22.525079,88.525294,1289,5,19,7083,9129987,1.46,8996689,9/5/2024,2/14/2027,29,25000,5,Private Employee,Website,Premium Launch,7,3,0,Yes,1500000,8.83,20,Basic,No,Unfurnished,South-East,Home Loan,Available,
SRP100044,CUST100044,Srijan Meadows,Apartment,1 BHK,Kolkata,Barasat,700084,22.574129,88.300134,1548,10,17,4344,6724512,6.91,6259848,2/19/2022,6/23/2022,31,31600,4,Engineer,Property Portal,Summer Sale,5,3,0,Yes,1896000,9.9,25,Gym,No,Semi-Furnished,South,Mixed,Sold,51
SRP100045,CUST100045,Srijan Urban Vista,Apartment,2 BHK,Kolkata,Salt Lake,700124,22.730459,88.453602,737,3,6,7914,5832618,8.32,5347344,8/15/2024,2/6/2026,52,68600,3,Self Employed,Email Campaign,Digital Awareness,9,4,0,Yes,4058002,8.42,20,Swimming Pool,Yes,Fully Furnished,North-East,Home Loan,Sold,83
SRP100046,CUST100046,Srijan Greenview,Penthouse,2 BHK,Kolkata,Dum Dum,700107,22.499853,88.38323,1386,27,27,5255,7283430,2.79,7080222,12/12/2024,3/9/2027,46,94000,1,Government Employee,Walk-in,Premium Launch,6,0,1,Yes,5122942,8.03,15,"Gym,Pool,Clubhouse",Yes,Semi-Furnished,South-East,Mixed,Available,
SRP100047,CUST100047,Srijan Gardenia,Apartment,2 BHK,Kolkata,Salt Lake,700124,22.520435,88.449094,568,7,7,5969,3390392,0,3390392,7/16/2024,5/21/2025,39,94300,4,Doctor,Instagram,Monsoon Offer,8,2,0,Yes,2076953,9.73,25,Park,Yes,Fully Furnished,North-East,Mixed,Negotiation,
SRP100048,CUST100048,Srijan Residency,Apartment,4 BHK,Kolkata,Sonarpur,700033,22.7476,88.539833,1187,11,25,7409,8794483,0.97,8709177,12/20/2022,2/20/2024,31,66500,6,Doctor,Referral,New Year Campaign,8,5,1,Yes,3990000,7.41,25,Gym,No,Unfurnished,South,Home Loan,Available,
SRP100049,CUST100049,Srijan Prime,Apartment,4 BHK,Kolkata,EM Bypass,700052,22.600718,88.450866,1767,13,13,6531,11540277,3.19,11172142,10/27/2023,1/25/2024,29,85100,1,Engineer,Property Portal,Summer Sale,6,3,1,Yes,5106000,7.43,20,Swimming Pool,No,Unfurnished,North-East,Home Loan,Negotiation,
SRP100050,CUST100050,Srijan Courtyard,Apartment,2 BHK,Kolkata,Salt Lake,700052,22.638683,88.453995,997,10,10,4242,4229274,5.99,3975940,2/16/2024,3/28/2026,50,94000,2,Teacher,Broker,Digital Awareness,11,3,0,No,0,0,0,"Gym,Pool,Clubhouse",Yes,Unfurnished,South-East,Self Funded,Available,
SRP100051,CUST100051,Srijan Realty Heights,Apartment,2 BHK,Kolkata,New Town,700107,22.701234,88.384336,2144,13,13,7586,16264384,5.3,15402372,8/25/2023,9/22/2024,46,69900,1,Government Employee,Walk-in,Digital Awareness,6,2,0,No,0,0,0,"Gym,Pool,Clubhouse",Yes,Semi-Furnished,South,Home Loan,Available,
SRP100052,CUST100052,Srijan Gardenia,Apartment,2 BHK,Kolkata,Rajarhat,700102,22.689049,88.373872,2043,26,30,6216,12699288,9.41,11504285,7/22/2022,1/17/2024,41,103700,4,Teacher,Broker,Summer Sale,7,4,1,No,0,0,0,"Gym,Clubhouse",Yes,Semi-Furnished,North,Self Funded,Available,
SRP100053,CUST100053,Srijan Greenview,Apartment,4 BHK,Kolkata,Rajarhat,700033,22.45715,88.43782,812,26,34,5750,4669000,6.44,4368316,9/30/2022,1/26/2024,21,87500,5,IT Professional,Website,Digital Awareness,5,1,0,Yes,2397522,7.46,15,"Gym,Pool,Clubhouse",Yes,Unfurnished,South-East,Home Loan,Sold,97
SRP100054,CUST100054,Srijan Prime,Penthouse,3 BHK,Kolkata,Rajarhat,711101,22.478707,88.287923,1493,25,25,6633,9903069,6.11,9297991,7/31/2022,7/19/2023,44,91200,2,Teacher,Website,Festive Offer,5,5,0,Yes,5472000,7.41,15,"Gym,Pool",Yes,Semi-Furnished,West,Mixed,Available,
SRP100055,CUST100055,Srijan Gardenia,Apartment,1 BHK,Kolkata,Barasat,711101,22.679804,88.311919,1079,14,28,6057,6535503,5.23,6193696,8/8/2025,1/4/2028,31,69400,3,Government Employee,Google Ads,Digital Awareness,10,4,3,No,0,0,0,"Pool,Park",Yes,Unfurnished,East,Home Loan,Negotiation,
SRP100056,CUST100056,Srijan Greenview,Apartment,3 BHK,Kolkata,Tollygunge,700064,22.515013,88.354987,1197,25,28,7337,8782389,7.53,8121075,5/12/2023,9/10/2024,35,43100,2,Government Employee,Broker,Referral Drive,12,1,1,Yes,2586000,7.91,20,"Gym,Clubhouse",No,Semi-Furnished,North,Home Loan,Negotiation,
SRP100057,CUST100057,Srijan Harmony,Penthouse,2 BHK,Kolkata,Barasat,700084,22.530266,88.262106,450,12,12,6196,2788200,1.98,2732994,11/13/2022,5/5/2024,39,124300,5,Business Owner,Email Campaign,Festive Offer,13,3,0,Yes,1318918,10.08,20,"Gym,Pool",Yes,Semi-Furnished,West,Home Loan,Available,
SRP100058,CUST100058,Srijan Harmony,Apartment,2 BHK,Kolkata,Rajarhat,700091,22.623301,88.267029,1483,30,30,5020,7444660,7.62,6877377,10/5/2024,11/20/2026,39,64700,4,IT Professional,Google Ads,New Year Campaign,8,2,2,Yes,3882000,8.52,20,"Gym,Pool",Yes,Semi-Furnished,South-East,Home Loan,Sold,82
SRP100059,CUST100059,Srijan Meadows,Apartment,4 BHK,Kolkata,Tollygunge,700124,22.58336,88.341581,1595,18,30,5826,9292470,0.81,9217201,12/26/2025,4/4/2027,49,50500,1,Other,Website,Monsoon Offer,11,1,0,No,0,0,0,"Gym,Pool,Clubhouse",No,Semi-Furnished,North,Mixed,Sold,9
SRP100060,CUST100060,Srijan Gardenia,Apartment,2 BHK,Kolkata,EM Bypass,700084,22.68411,88.458843,1466,13,17,5419,7944254,1.91,7792519,4/16/2023,7/3/2024,39,144600,4,Self Employed,Facebook,Referral Drive,6,5,0,No,0,0,0,"Gym,Clubhouse",Yes,Unfurnished,West,Home Loan,Negotiation,
SRP100061,CUST100061,Srijan Harmony,Apartment,2 BHK,Kolkata,New Town,711101,22.607369,88.373778,2137,9,15,6860,14659820,0.31,14614375,6/15/2023,4/27/2024,21,110400,2,Private Employee,Property Portal,Referral Drive,14,1,2,No,0,0,0,Clubhouse,Yes,Semi-Furnished,South,Mixed,Sold,51
SRP100062,CUST100062,Srijan Greenview,Villa,4 BHK,Kolkata,Salt Lake,700102,22.57827,88.469887,802,1,7,5260,4218520,5.97,3966674,2/23/2025,10/2/2025,31,122100,4,Teacher,Broker,Monsoon Offer,11,1,0,Yes,2203649,9.17,15,"Gym,Pool",Yes,Unfurnished,West,Self Funded,Sold,7
SRP100063,CUST100063,Srijan Meadows,Apartment,4 BHK,Kolkata,Dum Dum,700019,22.491369,88.424879,1257,16,20,7074,8892018,8.33,8151313,10/4/2022,6/12/2023,36,94300,4,Engineer,Google Ads,Premium Launch,12,4,0,Yes,5658000,7.72,20,Gym,Yes,Semi-Furnished,East,Home Loan,Available,
SRP100064,CUST100064,Srijan Greenview,Apartment,5 BHK,Kolkata,Salt Lake,700102,22.548021,88.379368,880,11,34,4116,3622080,0,3622080,8/30/2022,3/6/2024,31,92500,2,Government Employee,Referral,Digital Awareness,5,3,3,No,0,0,0,"Pool,Park",No,Semi-Furnished,South-East,Mixed,Sold,41
SRP100065,CUST100065,Srijan Meadows,Villa,3 BHK,Kolkata,Salt Lake,700064,22.626815,88.540274,910,4,34,5525,5027750,11.55,4447045,5/15/2024,12/16/2025,47,35500,5,Government Employee,Instagram,Digital Awareness,7,4,2,Yes,2130000,7.97,10,"Gym,Clubhouse",Yes,Unfurnished,North,Mixed,Negotiation,
SRP100066,CUST100066,Srijan Gardenia,Apartment,3 BHK,Kolkata,New Town,700091,22.650736,88.384446,1508,27,27,9614,14497912,6.81,13510604,8/19/2024,5/16/2026,42,83200,5,Teacher,Referral,Digital Awareness,12,3,1,Yes,4992000,9.36,20,Swimming Pool,No,Semi-Furnished,South-East,Mixed,Sold,25
SRP100067,CUST100067,Srijan Prime,Apartment,3 BHK,Kolkata,Ballygunge,700107,22.521598,88.329336,1543,16,27,9971,15385253,7.53,14226743,2/14/2024,7/7/2025,21,91000,5,Government Employee,Referral,Monsoon Offer,5,1,1,Yes,5460000,7.62,25,Gym,Yes,Semi-Furnished,North,Home Loan,Sold,16
SRP100068,CUST100068,Srijan Residency,Apartment,1 BHK,Kolkata,Tollygunge,700107,22.645211,88.25273,592,11,27,7933,4696336,6.57,4387787,4/4/2024,11/2/2025,21,100900,2,Private Employee,Facebook,Digital Awareness,7,2,0,Yes,2891810,10.1,10,"Gym,Clubhouse",Yes,Semi-Furnished,East,Home Loan,Available,
SRP100069,CUST100069,Srijan Enclave,Apartment,3 BHK,Kolkata,New Town,711101,22.532026,88.473733,1614,9,30,7688,12408432,5.5,11725968,12/13/2025,5/22/2027,63,129900,3,Self Employed,Instagram,Festive Offer,6,4,0,Yes,5302290,8.47,15,"Gym,Pool",Yes,Unfurnished,North-East,Mixed,Available,
SRP100070,CUST100070,Srijan Prime,Plot,2 BHK,Kolkata,Barasat,700033,22.672319,88.529079,1149,2,13,6370,7319130,3.9,7033684,6/24/2025,11/16/2025,28,49200,2,Engineer,Facebook,Referral Drive,7,4,2,No,0,0,0,Gym,Yes,Semi-Furnished,North,Self Funded,Sold,85
SRP100071,CUST100071,Srijan Urban Vista,Plot,3 BHK,Kolkata,Barasat,711101,22.530602,88.461528,718,9,9,4443,3190074,1.59,3139352,12/18/2025,12/10/2027,37,66400,4,Business Owner,Property Portal,New Year Campaign,8,2,0,Yes,1451145,9.8,30,Basic,Yes,Unfurnished,West,Mixed,Sold,104
SRP100072,CUST100072,Srijan Greenview,Apartment,4 BHK,Kolkata,Ballygunge,700102,22.689712,88.328374,1404,20,20,8800,12355200,2.89,11998135,5/19/2023,12/26/2023,34,87300,3,IT Professional,Google Ads,Digital Awareness,12,6,0,Yes,5238000,7.94,20,Swimming Pool,Yes,Semi-Furnished,West,Home Loan,Sold,48
SRP100073,CUST100073,Srijan Urban Vista,Apartment,3 BHK,Kolkata,Garia,700124,22.669936,88.412264,1374,17,30,6017,8267358,8.35,7577034,9/13/2024,1/1/2026,40,102500,4,Teacher,Google Ads,Summer Sale,7,3,1,No,0,0,0,Basic,Yes,Semi-Furnished,South-East,Mixed,Available,
SRP100074,CUST100074,Srijan Prime,Villa,2 BHK,Kolkata,Barasat,711101,22.544402,88.300172,949,19,22,7604,7216196,3.41,6970124,12/27/2023,8/22/2024,43,37500,3,Self Employed,Email Campaign,Referral Drive,9,4,0,Yes,2250000,8.08,15,"Gym,Pool,Clubhouse",Yes,Semi-Furnished,South-East,Home Loan,Available,
SRP100075,CUST100075,Srijan Meadows,Apartment,2 BHK,Kolkata,Dum Dum,700019,22.657481,88.397271,1024,10,12,6015,6159360,0,6159360,9/23/2023,1/13/2025,36,42300,3,Business Owner,Property Portal,Digital Awareness,4,2,1,Yes,2538000,7.95,20,"Gym,Clubhouse",Yes,Semi-Furnished,East,Home Loan,Available,
SRP100076,CUST100076,Srijan Enclave,Penthouse,2 BHK,Kolkata,Behala,700052,22.589098,88.349332,1222,28,28,7480,9140560,5.49,8638743,2/10/2024,12/8/2025,39,93400,2,Engineer,Website,New Year Campaign,6,5,0,No,0,0,0,Swimming Pool,Yes,Fully Furnished,West,Self Funded,Available,
SRP100077,CUST100077,Srijan Enclave,Villa,2 BHK,Kolkata,Howrah,700102,22.685032,88.363608,870,2,7,9335,8121450,4.18,7781973,5/5/2024,5/14/2025,44,90600,3,Other,Property Portal,Monsoon Offer,7,2,2,No,0,0,0,Clubhouse,Yes,Fully Furnished,North,Mixed,Sold,73
SRP100078,CUST100078,Srijan Realty Heights,Apartment,4 BHK,Kolkata,Tollygunge,700052,22.521932,88.345509,1009,9,25,6902,6964118,1.71,6845032,5/2/2024,11/27/2025,35,35600,2,Other,Facebook,Festive Offer,7,2,0,Yes,2136000,8.72,15,Swimming Pool,Yes,Semi-Furnished,East,Home Loan,Available,
SRP100079,CUST100079,Srijan Enclave,Villa,3 BHK,Kolkata,Behala,700084,22.636228,88.471342,1611,7,31,5374,8657514,5.15,8211652,7/17/2025,1/27/2027,38,88900,4,Doctor,Facebook,Summer Sale,10,2,1,No,0,0,0,Swimming Pool,Yes,Semi-Furnished,North,Self Funded,Available,
SRP100080,CUST100080,Srijan Residency,Plot,3 BHK,Kolkata,EM Bypass,700091,22.608886,88.314437,836,5,26,5710,4773560,0.88,4731553,9/8/2025,2/3/2027,46,88900,4,Business Owner,Walk-in,New Year Campaign,9,1,0,Yes,3049903,8.19,20,Clubhouse,No,Semi-Furnished,North,Mixed,Sold,165
SRP100081,CUST100081,Srijan Enclave,Apartment,2 BHK,Kolkata,Howrah,700084,22.570336,88.500621,1000,30,30,6565,6565000,9.19,5961676,6/5/2024,12/25/2024,41,61400,5,Teacher,Property Portal,Monsoon Offer,7,2,3,No,0,0,0,"Gym,Pool",No,Semi-Furnished,East,Home Loan,Sold,32
SRP100082,CUST100082,Srijan Prime,Apartment,2 BHK,Kolkata,New Town,700124,22.629153,88.521165,1509,13,18,6629,10003161,6.43,9359958,12/24/2025,6/16/2027,36,125800,4,Private Employee,Google Ads,Summer Sale,5,3,0,No,0,0,0,Swimming Pool,Yes,Fully Furnished,South-East,Mixed,Sold,52
SRP100083,CUST100083,Srijan Realty Heights,Apartment,3 BHK,Kolkata,Rajarhat,711101,22.487282,88.376937,1275,30,32,6014,7667850,6.58,7163305,4/16/2022,9/23/2023,44,33700,1,Doctor,Facebook,Digital Awareness,12,5,3,Yes,2022000,7.7,30,Gym,No,Semi-Furnished,North-East,Home Loan,Sold,39
SRP100084,CUST100084,Srijan Prime,Villa,2 BHK,Kolkata,Sonarpur,700107,22.61085,88.298345,469,3,29,5057,2371733,8.55,2168950,2/15/2022,7/14/2022,40,72900,4,Government Employee,Instagram,Referral Drive,8,3,2,Yes,1440620,8.65,20,"Gym,Clubhouse",Yes,Semi-Furnished,North,Home Loan,Available,
SRP100085,CUST100085,Srijan Prime,Penthouse,3 BHK,Kolkata,Behala,711101,22.482108,88.359489,1081,23,28,4385,4740185,6.65,4424963,8/4/2024,1/4/2026,22,164600,2,Government Employee,Broker,Summer Sale,5,4,1,Yes,2846538,7.8,20,Gym,Yes,Fully Furnished,North-East,Mixed,Available,
SRP100086,CUST100086,Srijan Courtyard,Plot,1 BHK,Kolkata,Ballygunge,711101,22.531039,88.49165,1431,1,23,10187,14577597,7.06,13548419,9/3/2025,5/23/2026,49,78700,3,IT Professional,Email Campaign,Monsoon Offer,8,4,1,No,0,0,0,Basic,Yes,Semi-Furnished,East,Self Funded,Available,
SRP100087,CUST100087,Srijan Realty Heights,Plot,3 BHK,Kolkata,Behala,700064,22.472705,88.512655,1757,8,22,7203,12655671,6.13,11879878,6/28/2025,12/28/2025,30,80900,3,Teacher,Facebook,Monsoon Offer,11,7,4,Yes,4854000,8.28,20,"Gym,Pool,Clubhouse",Yes,Fully Furnished,South-East,Home Loan,Sold,79
SRP100088,CUST100088,Srijan Prime,Villa,2 BHK,Kolkata,Behala,700019,22.487315,88.538223,481,9,23,7011,3372291,5.97,3170965,6/23/2024,11/13/2024,50,114600,2,Private Employee,Broker,Digital Awareness,8,3,0,Yes,1812459,8.44,25,"Pool,Park",No,Semi-Furnished,South-East,Mixed,Available,
SRP100089,CUST100089,Srijan Courtyard,Villa,3 BHK,Kolkata,Behala,700107,22.532049,88.412021,945,6,29,6544,6184080,6.56,5778404,9/28/2025,6/24/2027,37,64800,2,Private Employee,Property Portal,Digital Awareness,7,2,1,Yes,3248778,10.83,15,Swimming Pool,Yes,Fully Furnished,West,Home Loan,Sold,61
SRP100090,CUST100090,Srijan Courtyard,Apartment,1 BHK,Kolkata,EM Bypass,711101,22.662236,88.347996,634,12,16,9612,6094008,0,6094008,7/19/2022,8/24/2024,43,42800,3,IT Professional,Broker,Summer Sale,6,6,1,No,0,0,0,Basic,Yes,Fully Furnished,West,Home Loan,Negotiation,
SRP100091,CUST100091,Srijan Realty Heights,Apartment,3 BHK,Kolkata,Sonarpur,700124,22.632595,88.365192,1746,10,15,6905,12056130,10,10850517,6/8/2023,3/30/2024,40,104700,3,Self Employed,Referral,Monsoon Offer,7,5,2,Yes,6282000,8.35,20,Park,No,Semi-Furnished,South,Self Funded,Sold,47
SRP100092,CUST100092,Srijan Urban Vista,Penthouse,2 BHK,Kolkata,Howrah,700091,22.655278,88.454547,586,14,28,8611,5046046,5.25,4781129,11/23/2024,2/13/2027,48,52400,3,Business Owner,Google Ads,Referral Drive,8,1,3,Yes,2810594,8.15,15,"Pool,Park",Yes,Unfurnished,North,Home Loan,Sold,15
SRP100093,CUST100093,Srijan Meadows,Apartment,1 BHK,Kolkata,Garia,700107,22.516611,88.369766,450,15,33,6493,2921850,3.62,2816079,7/19/2025,5/30/2026,51,123900,4,Self Employed,Walk-in,Referral Drive,12,2,0,No,0,0,0,"Pool,Park",Yes,Semi-Furnished,North,Mixed,Sold,130
SRP100094,CUST100094,Srijan Residency,Apartment,2 BHK,Kolkata,Dum Dum,700124,22.614715,88.333495,1240,27,27,8430,10453200,4.28,10005803,8/22/2025,12/9/2025,39,54300,3,Other,Instagram,Summer Sale,8,4,2,Yes,3258000,8.2,20,Park,Yes,Unfurnished,West,Mixed,Sold,63
SRP100095,CUST100095,Srijan Meadows,Apartment,3 BHK,Kolkata,Dum Dum,700084,22.617237,88.32741,1937,10,17,6267,12139179,9.52,10983529,10/24/2024,6/28/2026,43,47400,3,Self Employed,Broker,Summer Sale,7,1,1,Yes,2844000,8.64,20,Clubhouse,Yes,Semi-Furnished,West,Home Loan,Available,
SRP100096,CUST100096,Srijan Enclave,Apartment,3 BHK,Kolkata,Ballygunge,700091,22.560299,88.253357,628,4,9,10169,6386132,2.66,6216261,12/6/2025,5/11/2026,59,130800,5,Engineer,Instagram,Festive Offer,7,0,1,Yes,5003844,10.55,15,Basic,Yes,Semi-Furnished,South-East,Self Funded,Sold,46
SRP100097,CUST100097,Srijan Residency,Apartment,5 BHK,Kolkata,Barasat,700033,22.602032,88.361095,544,24,24,5078,2762432,6.68,2577902,3/10/2024,11/10/2024,31,50300,7,Engineer,Walk-in,Premium Launch,8,0,1,Yes,1664126,8.97,25,"Gym,Pool,Clubhouse",No,Fully Furnished,West,Mixed,Available,
SRP100098,CUST100098,Srijan Enclave,Apartment,5 BHK,Kolkata,Sonarpur,700124,22.689854,88.501566,1831,26,26,7529,13785599,7.15,12799929,10/4/2024,11/30/2025,37,42500,5,Private Employee,Website,Digital Awareness,10,1,0,Yes,2550000,8.67,20,"Pool,Park",Yes,Semi-Furnished,North,Mixed,Available,
SRP100099,CUST100099,Srijan Prime,Apartment,4 BHK,Kolkata,EM Bypass,700052,22.650359,88.264489,828,5,24,8703,7206084,2.89,6997828,12/20/2022,3/8/2025,27,78800,6,IT Professional,Referral,Referral Drive,4,4,1,No,0,0,0,"Gym,Pool",Yes,Semi-Furnished,North,Self Funded,Available,
SRP100100,CUST100100,Srijan Greenview,Apartment,5 BHK,Kolkata,Behala,700102,22.62958,88.337952,1012,30,30,4139,4188668,2.18,4097355,12/28/2025,12/2/2026,49,61700,4,Business Owner,Website,New Year Campaign,5,8,1,Yes,3209366,10.28,15,"Pool,Park",Yes,Fully Furnished,East,Self Funded,Available,
SRP100101,CUST100101,Srijan Realty Heights,Apartment,5 BHK,Kolkata,Ballygunge,711101,22.462736,88.541226,1348,6,19,9106,12274888,6.5,11477020,6/18/2024,2/21/2025,37,57700,4,Doctor,Property Portal,New Year Campaign,4,2,2,Yes,3462000,9.27,20,Clubhouse,Yes,Unfurnished,East,Mixed,Sold,50
SRP100102,CUST100102,Srijan Residency,Apartment,4 BHK,Kolkata,Garia,700107,22.643631,88.524622,1022,20,20,8147,8326234,3.67,8020661,8/8/2023,3/5/2024,34,119200,5,Other,Property Portal,Monsoon Offer,10,0,1,Yes,4374129,7.96,15,Gym,No,Semi-Furnished,South-East,Home Loan,Sold,63
SRP100103,CUST100103,Srijan Residency,Apartment,3 BHK,Kolkata,Behala,700102,22.710938,88.37904,1192,13,27,7378,8794576,0,8794576,3/11/2023,11/6/2024,38,73500,4,Private Employee,Instagram,Digital Awareness,9,3,1,Yes,4410000,9.13,20,"Pool,Park",Yes,Fully Furnished,North-East,Mixed,Sold,14
SRP100104,CUST100104,Srijan Prime,Penthouse,4 BHK,Kolkata,Behala,700052,22.642599,88.403167,2118,21,21,4692,9937656,1.41,9797535,12/17/2024,12/21/2025,21,55800,3,Doctor,Website,Premium Launch,3,0,0,No,0,0,0,"Gym,Pool,Clubhouse",Yes,Unfurnished,East,Self Funded,Negotiation,
SRP100105,CUST100105,Srijan Urban Vista,Apartment,2 BHK,Kolkata,Garia,700102,22.693755,88.35354,1604,22,22,7282,11680328,0,11680328,3/29/2023,2/24/2025,28,64400,2,IT Professional,Facebook,Summer Sale,12,1,1,Yes,3864000,7.65,25,"Gym,Pool",Yes,Unfurnished,North,Home Loan,Sold,80
SRP100106,CUST100106,Srijan Courtyard,Penthouse,2 BHK,Kolkata,Howrah,700107,22.691906,88.360418,1634,30,30,7648,12496832,4.79,11898234,4/1/2023,11/19/2023,21,82300,4,Self Employed,Referral,Referral Drive,9,3,2,Yes,4938000,8.21,25,Clubhouse,No,Semi-Furnished,West,Home Loan,Sold,7
SRP100107,CUST100107,Srijan Prime,Apartment,2 BHK,Kolkata,Dum Dum,700107,22.530998,88.42701,1120,8,19,5794,6489280,1.43,6396483,1/7/2023,12/23/2024,34,75000,3,IT Professional,Google Ads,Festive Offer,5,1,3,No,0,0,0,Swimming Pool,Yes,Semi-Furnished,North-East,Home Loan,Negotiation,
SRP100108,CUST100108,Srijan Harmony,Apartment,2 BHK,Kolkata,Salt Lake,700102,22.614863,88.438521,1689,25,25,8987,15179043,4.29,14527862,2/8/2024,2/6/2025,47,25000,5,Other,Referral,Premium Launch,9,2,2,Yes,1500000,7.87,20,"Gym,Clubhouse",No,Unfurnished,South,Home Loan,Sold,75
SRP100109,CUST100109,Srijan Courtyard,Apartment,1 BHK,Kolkata,Ballygunge,700084,22.491839,88.256213,1980,6,28,9960,19720800,0,19720800,2/25/2024,12/24/2025,31,36600,2,Engineer,Broker,New Year Campaign,7,4,3,Yes,2196000,9.69,20,"Gym,Pool",Yes,Semi-Furnished,West,Mixed,Negotiation,
SRP100110,CUST100110,Srijan Realty Heights,Plot,2 BHK,Kolkata,Salt Lake,700019,22.574407,88.475563,2462,16,30,4837,11908694,5.64,11237044,12/30/2023,8/13/2024,54,41400,5,Government Employee,Referral,Monsoon Offer,9,2,2,No,0,0,0,Park,Yes,Fully Furnished,West,Self Funded,Sold,74
SRP100111,CUST100111,Srijan Courtyard,Apartment,2 BHK,Kolkata,New Town,700107,22.640845,88.372001,1510,8,34,8101,12232510,4.67,11661252,4/25/2025,5/26/2027,33,69900,1,IT Professional,Google Ads,Digital Awareness,11,1,1,Yes,4194000,7.91,15,Clubhouse,Yes,Unfurnished,West,Self Funded,Available,
SRP100112,CUST100112,Srijan Urban Vista,Apartment,2 BHK,Kolkata,Behala,711101,22.532822,88.483461,851,2,6,6412,5456612,3.57,5261811,8/24/2022,11/4/2024,21,50900,6,IT Professional,Website,Festive Offer,3,3,1,Yes,3054000,10.05,15,"Gym,Clubhouse",Yes,Unfurnished,North-East,Mixed,Sold,26
SRP100113,CUST100113,Srijan Courtyard,Plot,3 BHK,Kolkata,Garia,700124,22.730001,88.471405,756,22,31,5807,4390092,7.72,4051177,8/4/2025,7/15/2026,28,70300,4,Other,Property Portal,New Year Campaign,2,6,2,Yes,3043742,9.15,25,Basic,Yes,Unfurnished,North-East,Self Funded,Sold,65
SRP100114,CUST100114,Srijan Realty Heights,Apartment,2 BHK,Kolkata,Howrah,700019,22.481985,88.300529,1746,17,20,7995,13959270,0,13959270,5/28/2022,3/29/2024,21,177500,4,Self Employed,Instagram,Summer Sale,7,2,2,No,0,0,0,"Gym,Pool",No,Semi-Furnished,North,Mixed,Negotiation,
SRP100115,CUST100115,Srijan Urban Vista,Apartment,2 BHK,Kolkata,Behala,700064,22.581017,88.4667,1922,22,22,7535,14482270,9.33,13131074,11/19/2025,10/7/2027,41,35600,3,IT Professional,Facebook,New Year Campaign,11,2,2,No,0,0,0,Gym,Yes,Semi-Furnished,West,Home Loan,Sold,7
SRP100116,CUST100116,Srijan Meadows,Penthouse,4 BHK,Kolkata,Howrah,700084,22.488105,88.498754,1105,1,29,6301,6962605,6.12,6536494,12/29/2024,5/9/2025,32,45400,2,Engineer,Walk-in,Monsoon Offer,9,1,0,Yes,2724000,8.41,15,"Pool,Park",Yes,Semi-Furnished,South-East,Self Funded,Available,
SRP100117,CUST100117,Srijan Residency,Apartment,3 BHK,Kolkata,New Town,700102,22.585202,88.495137,973,27,27,5818,5660914,4.22,5422023,7/26/2024,10/1/2025,40,73100,5,Other,Broker,Monsoon Offer,11,4,1,Yes,4386000,9.13,20,Clubhouse,No,Semi-Furnished,West,Home Loan,Negotiation,
SRP100118,CUST100118,Srijan Residency,Penthouse,3 BHK,Kolkata,EM Bypass,700052,22.655059,88.290694,920,15,15,4550,4186000,1.15,4137861,7/13/2022,2/12/2023,40,28900,1,Self Employed,Website,Referral Drive,3,1,2,Yes,1734000,9.32,20,"Gym,Pool",No,Semi-Furnished,North,Home Loan,Available,
SRP100119,CUST100119,Srijan Enclave,Apartment,3 BHK,Kolkata,Rajarhat,700064,22.540507,88.398964,874,3,16,6414,5605836,0.77,5562671,5/24/2024,2/25/2026,39,68500,3,Private Employee,Broker,Summer Sale,7,2,0,Yes,3698433,8.69,15,"Pool,Park",No,Semi-Furnished,West,Home Loan,Available,
SRP100120,CUST100120,Srijan Meadows,Apartment,2 BHK,Kolkata,Behala,700052,22.737704,88.318621,1318,3,32,7338,9671484,6.57,9036068,8/31/2024,12/5/2026,43,77400,3,Private Employee,Google Ads,Monsoon Offer,8,6,3,Yes,4643241,10.1,25,"Pool,Park",Yes,Fully Furnished,South,Home Loan,Available,
SRP100121,CUST100121,Srijan Meadows,Apartment,2 BHK,Kolkata,Salt Lake,700091,22.559487,88.405648,1425,10,17,5348,7620900,11.45,6748307,6/6/2023,9/21/2024,29,53300,4,Engineer,Broker,Summer Sale,5,1,0,No,0,0,0,Basic,Yes,Fully Furnished,South-East,Home Loan,Available,
SRP100122,CUST100122,Srijan Courtyard,Penthouse,3 BHK,Kolkata,Barasat,700019,22.7194,88.415433,901,28,28,4765,4293265,1.85,4213840,8/14/2025,8/18/2027,36,117900,3,Engineer,Email Campaign,Festive Offer,8,2,1,Yes,3576948,8.02,20,Park,Yes,Semi-Furnished,West,Mixed,Available,
SRP100123,CUST100123,Srijan Residency,Apartment,2 BHK,Kolkata,Behala,700019,22.520076,88.377717,1158,1,10,7022,8131476,3.79,7823293,4/30/2023,4/1/2025,41,109700,3,Government Employee,Instagram,Summer Sale,8,3,0,Yes,6214708,8.86,20,Clubhouse,No,Fully Furnished,North-East,Mixed,Sold,112
SRP100124,CUST100124,Srijan Realty Heights,Villa,1 BHK,Kolkata,Rajarhat,700033,22.667541,88.287124,1829,15,15,5750,10516750,3.78,10119217,8/27/2025,7/7/2026,28,93400,3,Engineer,Instagram,Summer Sale,8,4,1,Yes,5604000,9.12,25,Gym,Yes,Semi-Furnished,East,Mixed,Sold,72
SRP100125,CUST100125,Srijan Gardenia,Apartment,4 BHK,Kolkata,Dum Dum,700052,22.719642,88.464382,716,14,29,5318,3807688,2.97,3694600,5/29/2024,4/20/2026,33,62400,2,Government Employee,Website,Premium Launch,9,2,0,Yes,2170716,7.67,20,Park,Yes,Unfurnished,North-East,Home Loan,Available,
SRP100126,CUST100126,Srijan Gardenia,Villa,2 BHK,Kolkata,Behala,700019,22.675438,88.494053,1766,10,10,6443,11378338,0,11378338,7/10/2023,10/26/2024,47,80700,5,Private Employee,Referral,Referral Drive,9,1,0,Yes,4842000,7.2,20,Gym,No,Fully Furnished,West,Mixed,Negotiation,
SRP100127,CUST100127,Srijan Urban Vista,Apartment,3 BHK,Kolkata,Ballygunge,700033,22.685646,88.522716,1569,1,17,8981,14091189,4.8,13414812,8/25/2023,3/5/2025,31,50400,4,Business Owner,Instagram,New Year Campaign,3,2,0,Yes,3024000,10.71,20,"Gym,Pool",No,Unfurnished,West,Mixed,Sold,133
SRP100128,CUST100128,Srijan Residency,Apartment,2 BHK,Kolkata,Garia,700124,22.700098,88.435251,1005,13,24,7395,7431975,4.13,7125034,2/20/2023,9/4/2024,26,82000,3,Teacher,Walk-in,Monsoon Offer,7,1,0,Yes,4920000,9.26,20,Park,No,Semi-Furnished,North-East,Home Loan,Available,
SRP100129,CUST100129,Srijan Residency,Apartment,4 BHK,Kolkata,Howrah,700107,22.598189,88.38891,1379,16,26,4061,5600119,6.65,5227711,1/6/2025,4/22/2027,47,165500,2,IT Professional,Walk-in,Summer Sale,12,4,2,Yes,3496070,8.39,30,Park,No,Unfurnished,South-East,Home Loan,Sold,59
SRP100130,CUST100130,Srijan Gardenia,Apartment,2 BHK,Kolkata,EM Bypass,711101,22.574219,88.328817,785,9,22,7056,5538960,7.98,5096951,11/14/2022,2/19/2024,42,167300,2,Doctor,Broker,Premium Launch,7,4,0,Yes,3075484,9.5,20,"Gym,Pool,Clubhouse",Yes,Unfurnished,South-East,Self Funded,Available,
SRP100131,CUST100131,Srijan Residency,Apartment,3 BHK,Kolkata,EM Bypass,700052,22.653601,88.371845,752,4,16,6307,4742864,3.98,4554098,8/21/2023,12/8/2025,41,81400,5,IT Professional,Facebook,Summer Sale,9,1,2,No,0,0,0,Swimming Pool,No,Fully Furnished,North,Home Loan,Sold,43
SRP100132,CUST100132,Srijan Courtyard,Penthouse,1 BHK,Kolkata,Barasat,700124,22.557078,88.438944,1015,27,27,7417,7528255,7.06,6996760,8/28/2022,4/2/2024,32,77300,4,Private Employee,Property Portal,Festive Offer,5,1,1,No,0,0,0,"Gym,Pool,Clubhouse",Yes,Fully Furnished,North,Mixed,Sold,83
SRP100133,CUST100133,Srijan Harmony,Apartment,3 BHK,Kolkata,EM Bypass,700019,22.597317,88.464377,794,22,24,8360,6637840,0,6637840,4/1/2023,2/6/2024,29,128900,2,Doctor,Broker,Monsoon Offer,7,0,2,Yes,4068427,8.04,20,"Gym,Pool,Clubhouse",Yes,Fully Furnished,North,Home Loan,Available,
SRP100134,CUST100134,Srijan Greenview,Apartment,3 BHK,Kolkata,New Town,711101,22.727289,88.253154,737,9,15,6285,4632045,3.31,4478724,1/5/2023,12/22/2024,45,60800,5,Engineer,Email Campaign,New Year Campaign,9,4,2,No,0,0,0,"Gym,Clubhouse",Yes,Semi-Furnished,North,Home Loan,Available,
SRP100135,CUST100135,Srijan Meadows,Apartment,4 BHK,Kolkata,Salt Lake,700064,22.61454,88.463019,1300,13,18,7156,9302800,7.52,8603229,4/22/2023,4/6/2024,40,47200,3,Government Employee,Walk-in,Festive Offer,9,2,0,Yes,2832000,8.12,15,Basic,Yes,Semi-Furnished,South,Self Funded,Available,
SRP100136,CUST100136,Srijan Enclave,Penthouse,2 BHK,Kolkata,Behala,700102,22.731539,88.437409,1397,23,28,4207,5877179,4.33,5622697,1/20/2024,2/1/2025,35,76800,2,Teacher,Property Portal,New Year Campaign,10,6,1,No,0,0,0,Swimming Pool,Yes,Semi-Furnished,East,Self Funded,Sold,25
SRP100137,CUST100137,Srijan Urban Vista,Plot,1 BHK,Kolkata,New Town,711101,22.69829,88.44936,737,18,18,5824,4292288,0,4292288,10/31/2024,1/3/2027,33,78900,4,Engineer,Google Ads,Festive Offer,11,2,1,No,0,0,0,"Pool,Park",Yes,Unfurnished,North,Mixed,Sold,149
SRP100138,CUST100138,Srijan Harmony,Apartment,1 BHK,Kolkata,Howrah,700033,22.52069,88.413196,1502,19,30,7277,10930054,3.85,10509247,7/6/2022,8/28/2023,42,45800,5,Government Employee,Facebook,Summer Sale,7,0,1,No,0,0,0,Gym,Yes,Fully Furnished,North-East,Mixed,Negotiation,
SRP100139,CUST100139,Srijan Gardenia,Apartment,2 BHK,Kolkata,Barasat,700033,22.468671,88.41746,998,22,24,9991,9971018,0.24,9947088,6/13/2025,5/2/2027,30,75400,2,Doctor,Property Portal,Monsoon Offer,9,1,0,Yes,4524000,8.47,20,Gym,Yes,Unfurnished,North,Mixed,Sold,69
SRP100140,CUST100140,Srijan Meadows,Villa,2 BHK,Kolkata,Salt Lake,700052,22.575893,88.255295,925,17,18,6460,5975500,1.78,5869136,10/19/2023,11/28/2024,40,176600,3,IT Professional,Broker,New Year Campaign,10,3,1,Yes,2881370,8.52,20,Basic,Yes,Unfurnished,West,Mixed,Available,
SRP100141,CUST100141,Srijan Residency,Apartment,2 BHK,Kolkata,Barasat,700064,22.709801,88.372143,1196,25,25,7775,9298900,5.27,8808848,4/1/2022,10/19/2022,38,132900,6,IT Professional,Broker,Digital Awareness,8,3,2,No,0,0,0,"Pool,Park",Yes,Unfurnished,South-East,Mixed,Available,
SRP100142,CUST100142,Srijan Enclave,Apartment,3 BHK,Kolkata,Salt Lake,711101,22.606267,88.359997,450,26,26,8097,3643650,3.66,3510292,11/12/2022,9/30/2024,48,180000,4,Business Owner,Referral,Summer Sale,8,0,0,Yes,2650326,9.61,20,Basic,Yes,Unfurnished,South,Home Loan,Negotiation,
SRP100143,CUST100143,Srijan Residency,Penthouse,3 BHK,Kolkata,Behala,700124,22.647393,88.399295,1567,21,30,8115,12716205,1.89,12475869,9/2/2022,12/18/2022,35,50800,4,Doctor,Broker,Digital Awareness,7,5,2,No,0,0,0,"Pool,Park",No,Semi-Furnished,South-East,Self Funded,Negotiation,
SRP100144,CUST100144,Srijan Realty Heights,Apartment,3 BHK,Kolkata,New Town,700107,22.737921,88.372846,944,1,26,9088,8579072,2.02,8405775,9/28/2022,5/3/2023,38,96200,6,Doctor,Walk-in,New Year Campaign,8,2,3,No,0,0,0,Park,Yes,Fully Furnished,North,Self Funded,Negotiation,
SRP100145,CUST100145,Srijan Realty Heights,Villa,4 BHK,Kolkata,Ballygunge,700019,22.677668,88.481486,450,24,34,11434,5145300,2.81,5000717,6/30/2025,10/3/2027,52,39900,4,Doctor,Email Campaign,New Year Campaign,6,2,2,Yes,2394000,8.04,15,Gym,Yes,Fully Furnished,North-East,Home Loan,Available,
SRP100146,CUST100146,Srijan Enclave,Apartment,2 BHK,Kolkata,EM Bypass,700052,22.609806,88.387278,1973,4,21,6468,12761364,3.79,12277708,2/3/2022,10/27/2022,32,45000,6,Teacher,Instagram,Digital Awareness,7,3,1,No,0,0,0,Park,Yes,Semi-Furnished,North-East,Home Loan,Negotiation,
SRP100147,CUST100147,Srijan Enclave,Apartment,2 BHK,Kolkata,Rajarhat,700084,22.679425,88.468457,1685,12,12,6185,10421725,7.17,9674487,12/24/2024,3/23/2026,51,91700,2,Engineer,Website,New Year Campaign,10,2,1,No,0,0,0,Gym,No,Fully Furnished,North-East,Self Funded,Available,
SRP100148,CUST100148,Srijan Gardenia,Apartment,4 BHK,Kolkata,EM Bypass,700033,22.672757,88.509771,803,10,13,5439,4367517,5.71,4118132,12/23/2024,2/11/2027,40,130000,3,Other,Google Ads,Festive Offer,6,2,1,No,0,0,0,"Gym,Pool",No,Fully Furnished,South,Home Loan,Sold,76
SRP100149,CUST100149,Srijan Enclave,Apartment,2 BHK,Kolkata,Tollygunge,700102,22.660201,88.284519,1343,17,19,7987,10726541,6.32,10048624,4/15/2023,6/5/2025,27,129200,2,Engineer,Property Portal,Festive Offer,7,3,1,Yes,6013117,7.84,30,"Pool,Park",Yes,Semi-Furnished,West,Self Funded,Negotiation,
SRP100150,CUST100150,Srijan Courtyard,Apartment,2 BHK,Kolkata,Ballygunge,700091,22.648469,88.53684,1003,23,32,9206,9233618,0.46,9191143,2/4/2022,10/29/2022,50,47900,1,Engineer,Website,Monsoon Offer,8,6,1,Yes,2874000,7.9,20,Gym,Yes,Semi-Furnished,North-East,Home Loan,Negotiation,
SRP100151,CUST100151,Srijan Residency,Villa,3 BHK,Kolkata,Tollygunge,700052,22.648349,88.426733,450,17,21,6506,2927700,0.87,2902229,5/4/2023,8/22/2025,43,95300,4,Government Employee,Instagram,Monsoon Offer,6,3,2,Yes,1355521,9.14,20,Basic,No,Semi-Furnished,North-East,Home Loan,Negotiation,
SRP100152,CUST100152,Srijan Harmony,Penthouse,2 BHK,Kolkata,Barasat,700033,22.537769,88.263442,1422,29,29,6357,9039654,1.25,8926658,2/28/2024,7/13/2025,49,87700,4,Government Employee,Referral,Digital Awareness,7,1,2,Yes,5262000,8.9,10,Swimming Pool,Yes,Unfurnished,North,Mixed,Available,
SRP100153,CUST100153,Srijan Prime,Penthouse,2 BHK,Kolkata,New Town,711101,22.510671,88.256355,794,24,24,8012,6361528,4.23,6092435,1/16/2022,10/11/2023,35,153500,2,Teacher,Facebook,Festive Offer,8,2,0,Yes,3259010,7.86,20,"Gym,Clubhouse",Yes,Semi-Furnished,North-East,Home Loan,Sold,36
SRP100154,CUST100154,Srijan Enclave,Apartment,3 BHK,Kolkata,Howrah,700052,22.693466,88.542724,1280,12,32,7237,9263360,6.97,8617704,7/4/2024,1/25/2025,43,81700,2,Self Employed,Google Ads,Digital Awareness,13,2,1,Yes,4758159,9.89,30,"Gym,Clubhouse",Yes,Unfurnished,South,Mixed,Available,
SRP100155,CUST100155,Srijan Urban Vista,Apartment,2 BHK,Kolkata,Garia,700052,22.656064,88.459384,667,1,14,5464,3644488,0,3644488,4/26/2024,8/22/2026,35,65700,1,Government Employee,Email Campaign,Monsoon Offer,5,3,2,Yes,2567300,9.29,10,"Gym,Clubhouse",Yes,Unfurnished,North,Home Loan,Available,
SRP100156,CUST100156,Srijan Realty Heights,Villa,2 BHK,Kolkata,EM Bypass,700107,22.484319,88.405017,1650,21,21,6182,10200300,5.49,9640304,1/2/2022,2/19/2023,33,101000,2,Other,Walk-in,Festive Offer,7,4,0,Yes,5539086,8.99,20,"Gym,Clubhouse",Yes,Semi-Furnished,South-East,Home Loan,Available,
SRP100157,CUST100157,Srijan Courtyard,Apartment,4 BHK,Kolkata,Tollygunge,700064,22.717166,88.492147,867,9,29,3755,3255585,4.3,3115595,9/14/2024,3/16/2025,37,109900,2,Business Owner,Google Ads,Referral Drive,6,6,4,Yes,1928770,8.82,10,Swimming Pool,Yes,Unfurnished,East,Home Loan,Negotiation,
SRP100158,CUST100158,Srijan Meadows,Plot,4 BHK,Kolkata,Ballygunge,700019,22.602087,88.26682,1046,23,26,10194,10662924,5.21,10107386,3/19/2023,2/12/2024,38,73600,6,Business Owner,Property Portal,Premium Launch,10,2,1,Yes,4416000,8.9,30,Basic,No,Unfurnished,South-East,Home Loan,Negotiation,
SRP100159,CUST100159,Srijan Prime,Plot,2 BHK,Kolkata,Sonarpur,700091,22.523535,88.286387,1446,3,17,6353,9186438,3.76,8841028,10/16/2024,11/16/2025,62,59700,4,Government Employee,Website,Summer Sale,9,0,2,No,0,0,0,Clubhouse,Yes,Semi-Furnished,North-East,Home Loan,Available,
SRP100160,CUST100160,Srijan Harmony,Penthouse,3 BHK,Kolkata,Rajarhat,700084,22.463655,88.354104,1518,11,11,6263,9507234,5.96,8940603,8/31/2023,5/15/2025,31,66100,2,Engineer,Broker,Digital Awareness,9,0,0,No,0,0,0,Basic,Yes,Semi-Furnished,South,Home Loan,Available,
SRP100161,CUST100161,Srijan Prime,Apartment,3 BHK,Kolkata,Barasat,700107,22.50944,88.37602,1657,30,30,7539,12492123,0.01,12490874,2/5/2023,12/21/2023,31,66000,3,Private Employee,Walk-in,Summer Sale,7,1,2,Yes,3960000,9.19,15,Basic,Yes,Fully Furnished,South-East,Home Loan,Negotiation,
SRP100162,CUST100162,Srijan Enclave,Apartment,2 BHK,Kolkata,Tollygunge,700084,22.592998,88.468986,1381,1,13,6893,9519233,5.13,9030896,10/5/2024,8/8/2026,46,29800,1,Self Employed,Walk-in,New Year Campaign,10,6,1,Yes,1788000,8.83,30,Gym,Yes,Unfurnished,North-East,Home Loan,Sold,30
SRP100163,CUST100163,Srijan Gardenia,Apartment,4 BHK,Kolkata,Sonarpur,700091,22.516429,88.306401,964,10,13,3500,3374000,6.64,3149966,1/1/2025,10/4/2025,47,76800,4,Government Employee,Walk-in,Premium Launch,7,1,2,Yes,2042486,9.45,15,"Gym,Clubhouse",Yes,Semi-Furnished,North-East,Mixed,Available,
SRP100164,CUST100164,Srijan Realty Heights,Apartment,2 BHK,Kolkata,Behala,700107,22.54966,88.509281,1566,27,27,6633,10387278,0,10387278,2/18/2023,2/24/2024,52,32200,4,Government Employee,Instagram,Summer Sale,6,1,0,No,0,0,0,"Pool,Park",Yes,Unfurnished,North,Home Loan,Negotiation,
SRP100165,CUST100165,Srijan Realty Heights,Penthouse,2 BHK,Kolkata,Tollygunge,700107,22.51384,88.259691,1244,16,19,7595,9448180,4.51,9022067,6/30/2023,12/25/2024,50,84900,2,Engineer,Instagram,Monsoon Offer,10,4,2,Yes,4709196,8.56,25,"Gym,Pool",No,Semi-Furnished,East,Mixed,Available,
SRP100166,CUST100166,Srijan Meadows,Apartment,3 BHK,Kolkata,Behala,700091,22.648804,88.523628,1506,11,16,4645,6995370,3.77,6731645,7/29/2023,11/29/2023,40,59200,4,IT Professional,Broker,Festive Offer,7,0,3,No,0,0,0,Gym,Yes,Semi-Furnished,West,Mixed,Sold,88
SRP100167,CUST100167,Srijan Gardenia,Villa,2 BHK,Kolkata,Garia,700107,22.494285,88.531199,1302,10,16,7546,9824892,0.81,9745310,9/28/2023,10/15/2024,32,79000,5,Teacher,Instagram,New Year Campaign,6,0,1,Yes,4740000,8.32,15,"Gym,Pool",Yes,Unfurnished,South-East,Home Loan,Available,
SRP100168,CUST100168,Srijan Residency,Apartment,2 BHK,Kolkata,Behala,711101,22.528455,88.358739,450,20,23,7964,3583800,0,3583800,4/28/2025,8/19/2027,26,51000,1,Private Employee,Email Campaign,Premium Launch,11,3,3,Yes,1919025,7.96,25,Gym,Yes,Semi-Furnished,South,Mixed,Negotiation,
SRP100169,CUST100169,Srijan Greenview,Apartment,3 BHK,Kolkata,Barasat,711101,22.726447,88.485562,1074,5,34,6682,7176468,6.27,6726503,4/3/2024,9/23/2024,26,71800,5,IT Professional,Broker,Referral Drive,4,1,0,Yes,4308000,8.98,20,"Gym,Pool",Yes,Semi-Furnished,West,Home Loan,Available,
SRP100170,CUST100170,Srijan Courtyard,Apartment,1 BHK,Kolkata,New Town,700124,22.545242,88.265092,2021,27,27,7213,14577473,4.49,13922944,2/3/2025,3/30/2026,24,172900,3,IT Professional,Instagram,Festive Offer,8,2,0,Yes,7272040,8.3,20,"Gym,Pool,Clubhouse",Yes,Semi-Furnished,West,Home Loan,Sold,66
SRP100171,CUST100171,Srijan Realty Heights,Apartment,2 BHK,Kolkata,New Town,700084,22.689717,88.280977,1349,8,17,6306,8506794,6.37,7964911,10/4/2023,7/29/2024,27,78600,2,Private Employee,Instagram,Festive Offer,8,2,0,Yes,4018929,8.85,15,Gym,Yes,Unfurnished,South-East,Home Loan,Negotiation,
SRP100172,CUST100172,Srijan Urban Vista,Apartment,4 BHK,Kolkata,Howrah,700033,22.620689,88.42415,1077,19,21,7066,7610082,8.98,6926697,7/30/2024,11/15/2026,30,36600,3,Government Employee,Property Portal,Digital Awareness,7,3,2,Yes,2196000,8.13,10,Basic,Yes,Semi-Furnished,South-East,Mixed,Available,
SRP100173,CUST100173,Srijan Realty Heights,Apartment,3 BHK,Kolkata,Behala,700124,22.631379,88.400029,1496,4,22,6295,9417320,4.24,9018026,6/12/2022,5/15/2024,31,31100,2,Business Owner,Website,Premium Launch,5,2,1,Yes,1866000,8.62,20,Swimming Pool,Yes,Unfurnished,North-East,Home Loan,Sold,94
SRP100174,CUST100174,Srijan Prime,Apartment,2 BHK,Kolkata,Barasat,700084,22.573429,88.31701,1690,26,26,7047,11909430,1.16,11771281,9/9/2023,11/19/2024,31,90000,3,IT Professional,Broker,Referral Drive,7,4,0,No,0,0,0,"Gym,Clubhouse",Yes,Unfurnished,North-East,Mixed,Available,
SRP100175,CUST100175,Srijan Realty Heights,Villa,3 BHK,Kolkata,EM Bypass,711101,22.673069,88.352111,1682,29,29,5052,8497464,2.53,8282478,4/9/2024,6/20/2026,33,39900,3,Doctor,Instagram,New Year Campaign,10,0,1,Yes,2394000,7.79,25,"Gym,Pool,Clubhouse",Yes,Semi-Furnished,North,Self Funded,Sold,86
SRP100176,CUST100176,Srijan Realty Heights,Penthouse,3 BHK,Kolkata,Barasat,700124,22.714315,88.400964,1433,4,18,7258,10400714,1.57,10237423,1/10/2022,11/13/2022,21,69300,4,Other,Walk-in,Festive Offer,5,3,2,Yes,4158000,8.4,20,"Gym,Pool",Yes,Fully Furnished,North-East,Home Loan,Sold,85
SRP100177,CUST100177,Srijan Greenview,Penthouse,5 BHK,Kolkata,Tollygunge,700033,22.637967,88.413659,1481,3,14,8607,12746967,4.25,12205221,6/21/2022,5/20/2024,32,109300,3,Other,Property Portal,Summer Sale,8,5,2,Yes,6558000,9.92,20,"Gym,Pool",Yes,Unfurnished,North-East,Self Funded,Available,
SRP100178,CUST100178,Srijan Greenview,Apartment,4 BHK,Kolkata,Ballygunge,700124,22.46673,88.444662,1661,20,20,9286,15424046,0,15424046,3/30/2023,10/4/2024,33,25000,4,Teacher,Property Portal,Premium Launch,7,3,0,No,0,0,0,Basic,No,Semi-Furnished,North-East,Home Loan,Sold,29
SRP100179,CUST100179,Srijan Harmony,Apartment,3 BHK,Kolkata,Sonarpur,700091,22.592976,88.301607,732,15,27,8236,6028752,2.33,5888282,8/4/2023,8/23/2025,36,47700,2,Other,Google Ads,Premium Launch,9,3,0,Yes,2862000,8.95,20,"Gym,Clubhouse",Yes,Semi-Furnished,North,Mixed,Available,
SRP100180,CUST100180,Srijan Residency,Villa,3 BHK,Kolkata,Tollygunge,700019,22.510001,88.381768,1767,20,20,6650,11750550,7.01,10926836,8/20/2024,12/27/2025,32,60800,2,Doctor,Website,Referral Drive,4,1,3,Yes,3648000,8.82,20,Gym,No,Unfurnished,East,Self Funded,Available,
SRP100181,CUST100181,Srijan Urban Vista,Apartment,1 BHK,Kolkata,Dum Dum,700084,22.747872,88.459086,1833,27,27,6236,11430588,5.02,10856772,1/26/2023,6/5/2025,26,56700,5,Engineer,Walk-in,Premium Launch,8,3,2,Yes,3402000,7.73,15,Basic,Yes,Semi-Furnished,South-East,Self Funded,Available,
SRP100182,CUST100182,Srijan Realty Heights,Apartment,2 BHK,Kolkata,Tollygunge,700052,22.567948,88.533503,1429,21,33,6947,9927263,4.82,9448769,11/6/2024,2/1/2026,43,146400,5,Engineer,Instagram,New Year Campaign,13,2,2,Yes,4827992,9.05,20,Gym,No,Unfurnished,North,Home Loan,Available,
SRP100183,CUST100183,Srijan Realty Heights,Plot,2 BHK,Kolkata,New Town,700091,22.609978,88.318477,1537,13,33,7851,12066987,4.91,11474498,5/4/2024,10/10/2025,21,83900,3,Engineer,Property Portal,Monsoon Offer,19,2,4,Yes,5034000,9.96,10,Clubhouse,Yes,Unfurnished,South-East,Home Loan,Sold,39
SRP100184,CUST100184,Srijan Courtyard,Apartment,2 BHK,Kolkata,New Town,700033,22.692945,88.386465,1477,17,28,5331,7873887,5.27,7458933,12/24/2023,4/10/2024,25,78800,6,Other,Facebook,Digital Awareness,9,1,1,Yes,4728000,9.2,30,"Gym,Pool",Yes,Fully Furnished,South,Mixed,Available,
SRP100185,CUST100185,Srijan Greenview,Apartment,3 BHK,Kolkata,Tollygunge,700102,22.567288,88.501297,1321,11,11,7084,9357964,6.29,8769348,8/21/2024,4/22/2025,44,86200,1,Self Employed,Broker,Monsoon Offer,9,4,0,Yes,4343906,8.98,15,Clubhouse,Yes,Unfurnished,North,Mixed,Sold,34
SRP100186,CUST100186,Srijan Urban Vista,Apartment,3 BHK,Kolkata,EM Bypass,700064,22.628442,88.275509,823,28,32,6838,5627674,2.27,5499926,2/24/2024,2/15/2025,36,58800,2,Other,Facebook,Festive Offer,8,4,0,Yes,2542840,9.21,20,"Pool,Park",Yes,Unfurnished,North,Mixed,Available,
SRP100187,CUST100187,Srijan Meadows,Apartment,3 BHK,Kolkata,New Town,700084,22.611669,88.549345,1577,1,15,8487,13383999,8.89,12194161,1/7/2022,6/18/2022,45,86500,4,Self Employed,Property Portal,New Year Campaign,7,3,1,Yes,5190000,8.21,30,Basic,No,Unfurnished,West,Mixed,Sold,90
SRP100188,CUST100188,Srijan Harmony,Apartment,1 BHK,Kolkata,Behala,700019,22.698783,88.297337,489,23,29,5643,2759427,3.96,2650154,7/4/2024,12/8/2025,34,28900,4,Teacher,Property Portal,Monsoon Offer,7,4,1,Yes,1572146,8.26,15,Basic,Yes,Semi-Furnished,North-East,Mixed,Available,
SRP100189,CUST100189,Srijan Residency,Apartment,1 BHK,Kolkata,Dum Dum,700052,22.550792,88.529471,1126,28,28,6039,6799914,7.32,6302160,2/18/2023,4/14/2024,44,96400,5,Engineer,Referral,New Year Campaign,9,2,1,Yes,5050568,8.58,10,Park,No,Semi-Furnished,North-East,Self Funded,Available,
SRP100190,CUST100190,Srijan Gardenia,Apartment,4 BHK,Kolkata,New Town,700091,22.721894,88.261527,1132,18,18,7658,8668856,7.46,8022159,1/10/2023,2/21/2025,50,97800,6,Doctor,Email Campaign,Summer Sale,10,4,0,Yes,5868000,9.99,15,"Gym,Pool,Clubhouse",Yes,Semi-Furnished,South,Self Funded,Sold,84
SRP100191,CUST100191,Srijan Residency,Apartment,4 BHK,Kolkata,Barasat,700124,22.727548,88.470397,1569,8,17,8646,13565574,6,12751640,6/7/2024,12/5/2025,43,30000,4,IT Professional,Referral,Premium Launch,6,3,1,No,0,0,0,"Pool,Park",Yes,Unfurnished,West,Home Loan,Available,
SRP100192,CUST100192,Srijan Prime,Apartment,4 BHK,Kolkata,Garia,700107,22.460721,88.256844,1597,6,27,6707,10711079,9.59,9683887,3/12/2022,12/29/2022,42,75400,2,Self Employed,Email Campaign,Monsoon Offer,9,2,2,Yes,4524000,9.03,10,"Gym,Clubhouse",Yes,Fully Furnished,North,Self Funded,Sold,114
SRP100193,CUST100193,Srijan Realty Heights,Villa,2 BHK,Kolkata,EM Bypass,700084,22.519365,88.384597,1410,8,10,3712,5233920,4.09,5019853,8/25/2024,10/11/2026,30,102500,4,IT Professional,Facebook,Festive Offer,9,5,2,No,0,0,0,"Gym,Clubhouse",Yes,Unfurnished,North,Mixed,Sold,101
SRP100194,CUST100194,Srijan Harmony,Penthouse,4 BHK,Kolkata,Tollygunge,700102,22.55248,88.538321,1512,4,33,5434,8216208,7.34,7613138,7/26/2025,4/18/2027,39,187200,2,Business Owner,Referral,Referral Drive,10,3,1,Yes,3559183,10.08,20,"Gym,Pool,Clubhouse",Yes,Semi-Furnished,North,Home Loan,Available,
SRP100195,CUST100195,Srijan Prime,Villa,2 BHK,Kolkata,New Town,700102,22.5544,88.486527,853,15,15,7315,6239695,5.14,5918975,5/23/2023,4/20/2024,31,79100,2,Business Owner,Website,Premium Launch,8,3,3,No,0,0,0,"Gym,Clubhouse",No,Unfurnished,South-East,Home Loan,Available,
SRP100196,CUST100196,Srijan Urban Vista,Apartment,2 BHK,Kolkata,Sonarpur,700019,22.50484,88.5425,1347,6,22,5829,7851663,1.29,7750377,8/15/2024,5/13/2025,24,46800,3,Private Employee,Google Ads,Referral Drive,8,0,2,Yes,2808000,9.69,15,Swimming Pool,Yes,Semi-Furnished,North,Self Funded,Sold,33
SRP100197,CUST100197,Srijan Gardenia,Apartment,2 BHK,Kolkata,Barasat,700107,22.639265,88.391091,1378,6,6,5920,8157760,3.11,7904054,9/15/2022,12/14/2024,39,53900,3,Engineer,Referral,Digital Awareness,8,3,0,Yes,3234000,7.66,20,Swimming Pool,Yes,Semi-Furnished,South-East,Home Loan,Sold,74
SRP100198,CUST100198,Srijan Greenview,Apartment,3 BHK,Kolkata,Howrah,700064,22.61964,88.450996,1302,5,26,6650,8658300,2.28,8460891,1/24/2025,5/19/2027,29,140400,1,Business Owner,Broker,Festive Offer,7,7,2,Yes,4757456,7.65,20,"Pool,Park",Yes,Unfurnished,North,Home Loan,Sold,86
SRP100199,CUST100199,Srijan Harmony,Plot,2 BHK,Kolkata,Salt Lake,700052,22.484622,88.433785,689,4,15,6881,4741009,2.15,4639077,1/5/2022,10/16/2023,56,116500,2,Other,Google Ads,New Year Campaign,9,2,1,Yes,2827838,8.96,20,Clubhouse,Yes,Semi-Furnished,East,Self Funded,Available,
SRP100200,CUST100200,Srijan Harmony,Villa,2 BHK,Kolkata,Barasat,700033,22.631562,88.37652,733,10,32,7389,5416137,3.84,5208157,2/12/2023,6/10/2025,30,37300,4,Engineer,Referral,Premium Launch,11,2,3,Yes,2238000,8.54,10,Swimming Pool,Yes,Unfurnished,South,Home Loan,Available,
SRP100201,CUST100201,Srijan Realty Heights,Apartment,3 BHK,Kolkata,Rajarhat,700102,22.690585,88.386989,1721,4,13,4223,7267783,1.53,7156586,4/16/2022,2/9/2024,21,62800,3,Government Employee,Walk-in,Digital Awareness,7,3,1,Yes,3768000,8.78,20,Swimming Pool,Yes,Semi-Furnished,North,Self Funded,Sold,77
SRP100202,CUST100202,Srijan Enclave,Penthouse,3 BHK,Kolkata,EM Bypass,711101,22.577494,88.269025,1271,10,16,6763,8595773,1.39,8476292,1/28/2025,8/23/2025,31,66200,7,Doctor,Instagram,Referral Drive,4,3,0,Yes,3972000,9.79,20,Park,No,Unfurnished,North-East,Mixed,Available,
SRP100203,CUST100203,Srijan Harmony,Apartment,3 BHK,Kolkata,Rajarhat,700033,22.483657,88.489287,2227,4,29,4976,11081552,2.01,10858813,5/12/2023,9/13/2025,41,90700,6,Business Owner,Facebook,Premium Launch,10,5,0,Yes,5442000,8.31,20,"Gym,Pool",Yes,Semi-Furnished,North,Home Loan,Sold,84
SRP100204,CUST100204,Srijan Courtyard,Apartment,2 BHK,Kolkata,Behala,700064,22.576388,88.375604,1657,18,22,8415,13943655,1.55,13727528,9/1/2025,5/16/2026,32,73500,3,Government Employee,Website,New Year Campaign,10,3,0,No,0,0,0,Clubhouse,Yes,Semi-Furnished,North-East,Mixed,Available,
SRP100205,CUST100205,Srijan Gardenia,Penthouse,4 BHK,Kolkata,EM Bypass,700019,22.659757,88.462337,498,13,14,5274,2626452,2.23,2567882,9/6/2023,1/11/2026,30,135300,3,Government Employee,Email Campaign,Digital Awareness,5,1,0,Yes,1919899,8.7,20,Gym,Yes,Unfurnished,South,Home Loan,Available,
SRP100206,CUST100206,Srijan Gardenia,Apartment,2 BHK,Kolkata,Ballygunge,711101,22.656214,88.528435,1726,20,20,9847,16995922,5.22,16108735,11/12/2022,10/11/2024,29,88400,4,Self Employed,Walk-in,Premium Launch,6,3,2,Yes,5304000,7.56,15,Gym,Yes,Unfurnished,West,Self Funded,Available,
SRP100207,CUST100207,Srijan Courtyard,Apartment,2 BHK,Kolkata,EM Bypass,700084,22.639173,88.261119,1680,21,21,5004,8406720,5.62,7934262,5/23/2022,12/22/2023,31,64500,1,IT Professional,Walk-in,Summer Sale,10,2,3,Yes,3870000,8.35,25,"Gym,Clubhouse",No,Semi-Furnished,South-East,Self Funded,Sold,92
SRP100208,CUST100208,Srijan Meadows,Apartment,2 BHK,Kolkata,Howrah,700033,22.681033,88.260473,1359,18,18,7725,10498275,4.86,9988059,8/22/2023,3/5/2024,38,58400,4,Private Employee,Referral,Festive Offer,6,3,2,Yes,3504000,8.22,20,Park,No,Semi-Furnished,South-East,Mixed,Negotiation,
SRP100209,CUST100209,Srijan Courtyard,Apartment,4 BHK,Kolkata,Howrah,700124,22.71701,88.357634,1655,3,20,6888,11399640,3.86,10959614,11/12/2024,10/28/2025,42,52400,3,Government Employee,Website,Premium Launch,8,6,2,Yes,3144000,7.94,20,Gym,Yes,Semi-Furnished,East,Home Loan,Available,
SRP100210,CUST100210,Srijan Courtyard,Apartment,3 BHK,Kolkata,Garia,700107,22.560554,88.486889,890,25,28,7251,6453390,1.88,6332066,8/8/2024,6/8/2025,53,50200,4,IT Professional,Instagram,New Year Campaign,8,3,2,No,0,0,0,Basic,Yes,Semi-Furnished,East,Home Loan,Available,
SRP100211,CUST100211,Srijan Gardenia,Apartment,2 BHK,Kolkata,EM Bypass,700107,22.687483,88.393209,1446,4,13,6965,10071390,6.3,9436892,11/18/2025,6/29/2027,30,117600,2,Private Employee,Broker,Summer Sale,7,1,3,No,0,0,0,"Gym,Clubhouse",Yes,Semi-Furnished,North-East,Home Loan,Available,
SRP100212,CUST100212,Srijan Residency,Apartment,1 BHK,Kolkata,Howrah,700102,22.459033,88.467013,1313,3,15,5343,7015359,5.86,6604259,10/21/2024,4/8/2026,39,109400,5,IT Professional,Property Portal,Festive Offer,8,5,1,No,0,0,0,"Gym,Pool,Clubhouse",Yes,Unfurnished,South,Mixed,Negotiation,
SRP100213,CUST100213,Srijan Gardenia,Apartment,2 BHK,Kolkata,Tollygunge,700064,22.598115,88.531839,1181,9,28,4331,5114911,5.72,4822338,10/2/2022,7/23/2023,42,86100,5,Doctor,Walk-in,Festive Offer,6,1,2,Yes,4009918,9.33,20,Gym,Yes,Semi-Furnished,South-East,Mixed,Sold,48
SRP100214,CUST100214,Srijan Enclave,Villa,2 BHK,Kolkata,Barasat,700033,22.471822,88.418302,1429,14,14,7286,10411694,2.37,10164937,7/30/2023,6/11/2024,30,45700,3,Private Employee,Referral,Festive Offer,10,5,1,Yes,2742000,8.77,20,"Pool,Park",Yes,Semi-Furnished,West,Mixed,Available,
SRP100215,CUST100215,Srijan Realty Heights,Apartment,2 BHK,Kolkata,Sonarpur,700091,22.469716,88.524989,2276,25,25,6803,15483628,5.15,14686221,6/23/2025,1/22/2027,39,76900,4,Doctor,Email Campaign,Festive Offer,11,3,0,No,0,0,0,"Gym,Pool",Yes,Semi-Furnished,North-East,Mixed,Sold,64
SRP100216,CUST100216,Srijan Prime,Apartment,2 BHK,Kolkata,EM Bypass,700064,22.664807,88.404253,1171,8,8,6748,7901908,7.75,7289510,10/25/2022,1/24/2025,43,97100,3,Doctor,Property Portal,Digital Awareness,8,1,0,Yes,4738362,8.35,20,Park,No,Unfurnished,East,Mixed,Available,
SRP100217,CUST100217,Srijan Residency,Plot,2 BHK,Kolkata,Tollygunge,700052,22.631291,88.499457,1132,27,32,5798,6563336,3.64,6324431,5/8/2024,2/10/2025,41,77600,4,Doctor,Facebook,New Year Campaign,9,3,0,No,0,0,0,Basic,No,Unfurnished,North,Mixed,Available,
SRP100218,CUST100218,Srijan Greenview,Apartment,3 BHK,Kolkata,Howrah,700052,22.629098,88.461581,515,18,22,5723,2947345,7.74,2719220,4/13/2024,11/22/2024,41,70400,2,Government Employee,Google Ads,New Year Campaign,9,3,0,Yes,1487567,8.44,20,Basic,Yes,Unfurnished,South-East,Mixed,Available,
SRP100219,CUST100219,Srijan Prime,Apartment,2 BHK,Kolkata,Sonarpur,700091,22.744116,88.518598,1137,12,25,4840,5503080,1.79,5404575,5/11/2022,4/8/2024,34,49600,2,Engineer,Facebook,New Year Campaign,6,4,0,No,0,0,0,"Pool,Park",No,Semi-Furnished,West,Mixed,Sold,109
SRP100220,CUST100220,Srijan Realty Heights,Apartment,3 BHK,Kolkata,Ballygunge,700084,22.529185,88.446029,1311,20,27,9441,12377151,3.41,11955090,8/29/2025,11/24/2026,30,60600,2,Other,Broker,Summer Sale,6,0,3,Yes,3636000,7.94,30,"Gym,Pool",Yes,Semi-Furnished,North-East,Mixed,Sold,30
SRP100221,CUST100221,Srijan Enclave,Plot,4 BHK,Kolkata,Rajarhat,700084,22.537911,88.40005,1256,1,15,7868,9882208,4.48,9439485,10/15/2024,2/4/2027,35,79900,4,Teacher,Google Ads,Summer Sale,16,5,1,Yes,4794000,8.64,30,Swimming Pool,Yes,Fully Furnished,North,Home Loan,Available,
SRP100222,CUST100222,Srijan Enclave,Apartment,2 BHK,Kolkata,Garia,700033,22.518447,88.353522,1859,30,30,6829,12695111,7.56,11735361,2/1/2023,7/11/2024,47,81300,4,Teacher,Email Campaign,New Year Campaign,9,2,1,No,0,0,0,"Pool,Park",Yes,Unfurnished,North-East,Mixed,Negotiation,
SRP100223,CUST100223,Srijan Greenview,Plot,4 BHK,Kolkata,Howrah,700107,22.599935,88.285283,1581,22,27,9683,15308823,0,15308823,8/12/2022,3/3/2023,37,50700,6,Engineer,Facebook,Summer Sale,7,1,1,No,0,0,0,"Pool,Park",No,Semi-Furnished,North,Mixed,Negotiation,
SRP100224,CUST100224,Srijan Residency,Plot,2 BHK,Kolkata,Sonarpur,700124,22.526023,88.30018,1613,3,18,7453,12021689,4.36,11497543,12/12/2024,11/16/2026,38,74700,4,Other,Website,Digital Awareness,7,0,1,Yes,4482000,9.5,10,"Gym,Clubhouse",Yes,Fully Furnished,North-East,Home Loan,Available,
SRP100225,CUST100225,Srijan Meadows,Villa,2 BHK,Kolkata,Rajarhat,700084,22.509225,88.304527,1168,3,29,7647,8931696,6.01,8394901,8/8/2024,11/25/2026,45,38000,3,Teacher,Instagram,Premium Launch,12,3,4,No,0,0,0,Park,Yes,Fully Furnished,East,Self Funded,Sold,58
SRP100226,CUST100226,Srijan Courtyard,Apartment,2 BHK,Kolkata,Salt Lake,700019,22.687421,88.542686,949,2,5,7895,7492355,5.15,7106499,4/5/2023,7/11/2023,40,125600,1,Engineer,Walk-in,Premium Launch,5,1,2,Yes,5305908,8.99,20,Gym,Yes,Semi-Furnished,East,Mixed,Sold,15
SRP100227,CUST100227,Srijan Residency,Apartment,2 BHK,Kolkata,Garia,700107,22.583525,88.502388,794,10,10,7429,5898626,6.94,5489261,12/28/2025,4/7/2026,38,109700,2,Doctor,Broker,Premium Launch,9,1,2,Yes,2961657,8.25,25,Swimming Pool,Yes,Unfurnished,East,Self Funded,Negotiation,
SRP100228,CUST100228,Srijan Meadows,Apartment,3 BHK,Kolkata,EM Bypass,700091,22.643535,88.264962,1124,12,12,6352,7139648,1.1,7061112,9/27/2023,1/28/2025,40,45200,4,Private Employee,Referral,New Year Campaign,13,1,3,Yes,2712000,8.42,25,"Pool,Park",No,Fully Furnished,South,Home Loan,Sold,50
SRP100229,CUST100229,Srijan Enclave,Apartment,2 BHK,Kolkata,Howrah,700107,22.659318,88.40306,1304,18,31,6132,7996128,4.79,7613113,8/24/2022,12/19/2022,21,52600,5,Other,Email Campaign,Monsoon Offer,8,0,1,No,0,0,0,"Gym,Clubhouse",Yes,Unfurnished,South,Home Loan,Available,
SRP100230,CUST100230,Srijan Gardenia,Apartment,5 BHK,Kolkata,Barasat,700124,22.639383,88.45626,1509,2,8,6746,10179714,4.38,9733843,9/26/2022,8/5/2024,30,79200,2,Doctor,Property Portal,Monsoon Offer,7,4,0,Yes,4752000,7.24,20,Park,Yes,Semi-Furnished,South,Mixed,Available,
SRP100231,CUST100231,Srijan Realty Heights,Plot,1 BHK,Kolkata,Sonarpur,700019,22.555084,88.509261,1312,29,29,6971,9145952,3.08,8864257,6/10/2025,6/10/2026,28,137700,4,Private Employee,Referral,Summer Sale,9,1,0,No,0,0,0,Gym,Yes,Fully Furnished,North-East,Home Loan,Sold,53
SRP100232,CUST100232,Srijan Greenview,Apartment,4 BHK,Kolkata,Dum Dum,700064,22.624187,88.407055,1106,13,26,6276,6941256,1.96,6805207,1/20/2022,12/6/2022,39,49800,3,Engineer,Walk-in,Referral Drive,10,1,1,Yes,2988000,8.69,20,Basic,No,Semi-Furnished,North,Home Loan,Available,
SRP100233,CUST100233,Srijan Realty Heights,Apartment,2 BHK,Kolkata,Barasat,700052,22.477093,88.493186,450,12,12,6354,2859300,4.93,2718337,7/15/2025,6/26/2027,24,30400,7,Private Employee,Walk-in,New Year Campaign,14,6,1,Yes,1575116,9.01,10,Gym,Yes,Semi-Furnished,West,Home Loan,Negotiation,
SRP100234,CUST100234,Srijan Urban Vista,Apartment,2 BHK,Kolkata,EM Bypass,700124,22.6144,88.529751,711,24,24,9177,6524847,8.52,5968930,11/21/2024,4/9/2027,47,60600,2,Self Employed,Instagram,Digital Awareness,11,7,0,Yes,3636000,10.11,15,"Gym,Pool,Clubhouse",No,Fully Furnished,North,Home Loan,Sold,135
SRP100235,CUST100235,Srijan Urban Vista,Apartment,4 BHK,Kolkata,Salt Lake,700033,22.588499,88.340733,1607,5,17,6456,10374792,10.17,9319676,12/19/2022,6/26/2023,40,186600,3,Self Employed,Referral,New Year Campaign,5,4,1,No,0,0,0,"Gym,Clubhouse",No,Unfurnished,North,Home Loan,Sold,99
SRP100236,CUST100236,Srijan Residency,Apartment,2 BHK,Kolkata,Tollygunge,700102,22.614801,88.504248,955,16,32,6239,5958245,7.92,5486352,12/19/2025,4/23/2027,46,81200,3,Self Employed,Walk-in,Digital Awareness,11,0,2,No,0,0,0,Gym,Yes,Semi-Furnished,North-East,Self Funded,Sold,75
SRP100237,CUST100237,Srijan Enclave,Plot,2 BHK,Kolkata,Garia,711101,22.73445,88.480201,751,6,27,6837,5134587,0.66,5100699,12/1/2023,1/2/2026,41,62300,3,Other,Walk-in,Premium Launch,7,2,1,No,0,0,0,Clubhouse,No,Unfurnished,North,Home Loan,Sold,40
SRP100238,CUST100238,Srijan Enclave,Apartment,2 BHK,Kolkata,Behala,700052,22.550484,88.38686,450,11,27,6457,2905650,5.94,2733054,5/24/2023,10/20/2025,42,38200,5,Self Employed,Website,Digital Awareness,5,3,0,Yes,1536330,9.06,20,Clubhouse,Yes,Unfurnished,South,Mixed,Negotiation,
SRP100239,CUST100239,Srijan Courtyard,Apartment,3 BHK,Kolkata,Garia,700084,22.697576,88.457202,1460,15,23,5844,8532240,3.87,8202042,11/9/2025,2/10/2027,55,47500,3,Self Employed,Google Ads,Digital Awareness,8,2,1,Yes,2850000,8.44,20,"Gym,Pool",Yes,Fully Furnished,West,Mixed,Available,
SRP100240,CUST100240,Srijan Courtyard,Apartment,2 BHK,Kolkata,Tollygunge,700107,22.723129,88.519761,1926,15,29,7535,14512410,5.95,13648922,3/4/2024,12/16/2024,42,123000,4,Business Owner,Broker,Digital Awareness,8,2,1,Yes,7380000,9.64,25,"Gym,Pool,Clubhouse",No,Unfurnished,North-East,Self Funded,Available,
SRP100241,CUST100241,Srijan Courtyard,Apartment,3 BHK,Kolkata,Ballygunge,700124,22.495001,88.528965,1551,8,19,9432,14629032,0.57,14545647,1/15/2022,3/7/2024,36,97100,4,Self Employed,Walk-in,Summer Sale,8,1,0,Yes,5826000,8.69,20,Clubhouse,No,Unfurnished,North,Home Loan,Sold,37
SRP100242,CUST100242,Srijan Gardenia,Apartment,3 BHK,Kolkata,New Town,700091,22.462081,88.443325,2029,4,32,8335,16911715,8.86,15413337,9/10/2023,10/23/2025,44,141800,5,Doctor,Email Campaign,New Year Campaign,9,3,2,Yes,8508000,9.02,20,Gym,No,Unfurnished,East,Home Loan,Sold,24
SRP100243,CUST100243,Srijan Prime,Penthouse,3 BHK,Kolkata,Tollygunge,700033,22.557308,88.502245,818,2,28,8318,6804124,9.59,6151609,8/14/2023,7/7/2025,33,55900,4,Doctor,Walk-in,Monsoon Offer,12,5,0,Yes,3354000,9.51,25,Basic,Yes,Semi-Furnished,South,Home Loan,Sold,113
SRP100244,CUST100244,Srijan Harmony,Villa,3 BHK,Kolkata,Garia,700091,22.658553,88.270146,1094,26,26,4679,5118826,4.13,4907418,7/31/2023,11/18/2023,52,58900,5,Engineer,Google Ads,Referral Drive,10,5,1,Yes,3368362,8.33,20,Gym,Yes,Fully Furnished,West,Home Loan,Sold,32
SRP100245,CUST100245,Srijan Prime,Plot,2 BHK,Kolkata,Rajarhat,700091,22.532769,88.351336,859,13,29,6516,5597244,5.26,5302829,7/29/2022,12/7/2024,36,44200,1,Government Employee,Property Portal,Referral Drive,5,2,1,Yes,2652000,7.69,25,Clubhouse,Yes,Unfurnished,South,Home Loan,Available,
SRP100246,CUST100246,Srijan Realty Heights,Penthouse,1 BHK,Kolkata,Tollygunge,700084,22.63213,88.471086,1481,1,34,7766,11501446,4.19,11019535,11/9/2024,4/16/2025,54,87300,4,Doctor,Facebook,Digital Awareness,9,3,0,Yes,5238000,8.38,30,Swimming Pool,Yes,Semi-Furnished,East,Self Funded,Negotiation,
SRP100247,CUST100247,Srijan Prime,Apartment,3 BHK,Kolkata,EM Bypass,700052,22.699583,88.512404,2010,28,28,6811,13690110,4.26,13106911,4/29/2023,3/21/2025,30,27600,4,Other,Google Ads,New Year Campaign,4,5,1,No,0,0,0,Clubhouse,No,Semi-Furnished,North,Mixed,Available,
SRP100248,CUST100248,Srijan Gardenia,Apartment,3 BHK,Kolkata,Ballygunge,700064,22.536887,88.411064,1254,25,25,10058,12612732,5.11,11968221,8/20/2023,6/4/2025,39,31800,4,Business Owner,Google Ads,Referral Drive,11,2,0,Yes,1908000,8.1,25,Swimming Pool,Yes,Semi-Furnished,West,Home Loan,Sold,109
SRP100249,CUST100249,Srijan Realty Heights,Apartment,4 BHK,Kolkata,Ballygunge,700091,22.687378,88.33691,1564,9,25,9280,14513920,4.67,13836120,12/14/2024,2/10/2027,46,46000,1,Government Employee,Instagram,Monsoon Offer,7,2,1,Yes,2760000,7.99,20,Gym,Yes,Unfurnished,East,Mixed,Negotiation,
SRP100250,CUST100250,Srijan Prime,Apartment,4 BHK,Kolkata,Garia,711101,22.488066,88.540937,1163,13,16,7693,8946959,3.71,8615027,2/3/2023,8/25/2023,36,50700,4,Teacher,Instagram,Referral Drive,5,2,1,Yes,3042000,7.87,25,Gym,Yes,Semi-Furnished,West,Home Loan,Available,
SRP100251,CUST100251,Srijan Gardenia,Apartment,2 BHK,Kolkata,Behala,700091,22.504242,88.511007,1244,29,29,5616,6986304,4.17,6694975,10/8/2023,1/11/2024,33,168300,5,Doctor,Property Portal,Premium Launch,6,1,2,Yes,4576408,7.27,20,"Pool,Park",No,Semi-Furnished,West,Home Loan,Sold,25
SRP100252,CUST100252,Srijan Harmony,Villa,3 BHK,Kolkata,Garia,700091,22.615303,88.464654,534,3,25,4700,2509800,9.09,2281659,7/18/2023,1/24/2024,42,135100,4,Teacher,Walk-in,Monsoon Offer,10,2,0,No,0,0,0,Swimming Pool,Yes,Semi-Furnished,North-East,Home Loan,Sold,58
SRP100253,CUST100253,Srijan Prime,Apartment,2 BHK,Kolkata,EM Bypass,700019,22.595888,88.315176,1061,29,29,5979,6343719,5.55,5991643,8/9/2024,2/11/2025,28,207900,6,IT Professional,Website,Digital Awareness,6,4,0,Yes,4401044,8.2,25,Gym,Yes,Unfurnished,South,Home Loan,Sold,76
SRP100254,CUST100254,Srijan Gardenia,Apartment,2 BHK,Kolkata,Tollygunge,700091,22.573566,88.373934,1893,29,29,8738,16541034,5.48,15634585,9/30/2023,1/1/2026,28,48100,4,Teacher,Property Portal,Summer Sale,9,0,0,Yes,2886000,7.64,25,"Gym,Pool",No,Semi-Furnished,South-East,Self Funded,Sold,92
SRP100255,CUST100255,Srijan Courtyard,Apartment,1 BHK,Kolkata,Dum Dum,700107,22.642172,88.42213,1376,2,6,9057,12462432,2.51,12149625,3/8/2022,11/5/2022,45,99400,2,Engineer,Website,Referral Drive,6,5,1,Yes,5674067,9.26,25,Clubhouse,Yes,Unfurnished,North-East,Home Loan,Negotiation,
SRP100256,CUST100256,Srijan Enclave,Apartment,1 BHK,Kolkata,Salt Lake,700107,22.564523,88.422178,1524,9,11,7528,11472672,3.66,11052772,1/7/2023,5/25/2025,33,85800,2,Self Employed,Broker,Festive Offer,8,3,1,Yes,5148000,8.04,10,Clubhouse,No,Unfurnished,North,Self Funded,Available,
SRP100257,CUST100257,Srijan Courtyard,Apartment,2 BHK,Kolkata,EM Bypass,700019,22.652158,88.343793,1467,24,24,6300,9242100,1.7,9084984,1/14/2023,10/3/2024,31,28600,4,Doctor,Email Campaign,Premium Launch,4,3,1,No,0,0,0,"Gym,Pool",Yes,Semi-Furnished,South-East,Self Funded,Sold,22
SRP100258,CUST100258,Srijan Enclave,Apartment,3 BHK,Kolkata,Sonarpur,700033,22.572122,88.291205,1817,14,28,8268,15022956,5.51,14195191,2/25/2022,12/19/2023,48,52300,2,Other,Google Ads,New Year Campaign,8,3,1,Yes,3138000,9.52,15,"Gym,Pool",Yes,Fully Furnished,North,Mixed,Available,
SRP100259,CUST100259,Srijan Greenview,Apartment,1 BHK,Kolkata,Barasat,700124,22.632724,88.52215,1000,19,24,5985,5985000,4.75,5700712,1/17/2025,4/13/2026,36,58700,3,Private Employee,Walk-in,Referral Drive,8,5,2,Yes,3204113,9.06,25,Swimming Pool,Yes,Semi-Furnished,North-East,Home Loan,Sold,20
SRP100260,CUST100260,Srijan Greenview,Apartment,2 BHK,Kolkata,Ballygunge,700033,22.557244,88.35237,1282,10,11,11169,14318658,4.55,13667159,1/22/2022,7/1/2023,44,169100,1,Private Employee,Facebook,New Year Campaign,1,2,1,Yes,10146000,7.89,20,Basic,Yes,Unfurnished,East,Home Loan,Sold,47
SRP100261,CUST100261,Srijan Greenview,Apartment,4 BHK,Kolkata,Behala,700091,22.725951,88.42707,1695,28,28,6503,11022585,6.76,10277458,12/30/2024,3/28/2026,34,65000,7,IT Professional,Facebook,Monsoon Offer,6,2,0,No,0,0,0,Gym,Yes,Unfurnished,North-East,Mixed,Negotiation,
SRP100262,CUST100262,Srijan Harmony,Apartment,1 BHK,Kolkata,Garia,700033,22.527786,88.356601,2064,6,17,7146,14749344,2.62,14362911,10/12/2024,12/2/2026,35,62000,4,Doctor,Broker,Referral Drive,6,1,0,Yes,3720000,7.85,10,Clubhouse,Yes,Semi-Furnished,North-East,Self Funded,Available,
SRP100263,CUST100263,Srijan Courtyard,Apartment,4 BHK,Kolkata,Barasat,700019,22.599304,88.276557,874,15,24,4085,3570290,4.02,3426764,2/21/2022,12/10/2022,29,103100,3,Government Employee,Referral,Summer Sale,2,1,2,Yes,2241608,10.19,15,Gym,Yes,Unfurnished,South-East,Mixed,Available,
SRP100264,CUST100264,Srijan Enclave,Villa,2 BHK,Kolkata,Howrah,711101,22.4551,88.379345,1552,24,32,6511,10105072,2.57,9845372,6/1/2025,2/26/2027,26,62900,4,Doctor,Website,Summer Sale,11,4,2,No,0,0,0,Basic,No,Fully Furnished,East,Home Loan,Sold,45
SRP100265,CUST100265,Srijan Gardenia,Apartment,4 BHK,Kolkata,Tollygunge,700124,22.736113,88.459944,1243,16,16,5565,6917295,4.7,6592182,2/16/2024,7/24/2026,26,123700,3,Engineer,Facebook,Monsoon Offer,10,4,0,Yes,3222229,9.37,15,Clubhouse,No,Semi-Furnished,North,Home Loan,Sold,67
SRP100266,CUST100266,Srijan Realty Heights,Plot,3 BHK,Kolkata,Salt Lake,700064,22.612974,88.506782,1208,24,24,6868,8296544,3.57,8000357,9/28/2023,10/11/2024,38,49000,3,Teacher,Walk-in,Referral Drive,8,1,2,No,0,0,0,"Pool,Park",Yes,Unfurnished,South,Home Loan,Negotiation,
SRP100267,CUST100267,Srijan Gardenia,Plot,2 BHK,Kolkata,Tollygunge,700091,22.698963,88.317244,1623,10,10,7886,12798978,3.32,12374052,9/24/2023,10/25/2025,40,108400,3,Other,Walk-in,Premium Launch,6,2,2,Yes,6504000,9.79,15,Park,Yes,Semi-Furnished,North-East,Home Loan,Available,
SRP100268,CUST100268,Srijan Realty Heights,Apartment,3 BHK,Kolkata,New Town,700019,22.686325,88.375555,724,30,30,9110,6595640,2.97,6399749,7/25/2022,10/5/2024,38,72800,4,IT Professional,Instagram,Summer Sale,11,2,0,Yes,3924419,8.41,25,Clubhouse,Yes,Unfurnished,North-East,Home Loan,Available,
SRP100269,CUST100269,Srijan Urban Vista,Plot,4 BHK,Kolkata,Dum Dum,700084,22.543685,88.467737,1223,22,25,5402,6606646,4.95,6279617,1/31/2023,9/2/2023,40,64000,3,Engineer,Website,Summer Sale,6,4,1,Yes,3602784,7.9,10,Park,No,Unfurnished,South-East,Home Loan,Negotiation,
SRP100270,CUST100270,Srijan Gardenia,Apartment,2 BHK,Kolkata,EM Bypass,700091,22.660928,88.313593,1402,8,16,4768,6684736,3.04,6481520,9/24/2025,11/19/2026,28,63000,5,Self Employed,Facebook,Premium Launch,7,3,1,Yes,3780000,8.85,25,Park,Yes,Semi-Furnished,East,Home Loan,Negotiation,
SRP100271,CUST100271,Srijan Prime,Apartment,3 BHK,Kolkata,Howrah,700084,22.615062,88.25728,1357,7,33,3500,4749500,9.03,4320620,2/3/2023,5/15/2025,36,60500,2,Private Employee,Facebook,Festive Offer,4,3,1,Yes,3021453,8.73,10,Gym,Yes,Unfurnished,South-East,Mixed,Available,
SRP100272,CUST100272,Srijan Prime,Apartment,3 BHK,Kolkata,Salt Lake,700084,22.657656,88.341318,1248,25,25,4736,5910528,3.2,5721391,4/17/2022,12/19/2023,34,63300,4,Other,Instagram,New Year Campaign,11,1,0,Yes,3484004,8.88,20,Basic,Yes,Semi-Furnished,North,Self Funded,Sold,75
SRP100273,CUST100273,Srijan Residency,Apartment,2 BHK,Kolkata,Garia,700084,22.490103,88.304973,658,19,30,6840,4500720,1.89,4415656,6/19/2025,4/15/2027,44,36100,2,Business Owner,Website,Summer Sale,7,2,0,No,0,0,0,"Gym,Clubhouse",No,Unfurnished,South-East,Self Funded,Available,
SRP100274,CUST100274,Srijan Courtyard,Apartment,4 BHK,Kolkata,Salt Lake,700052,22.601465,88.306734,1158,7,27,5126,5935908,3.31,5739429,9/13/2022,10/11/2024,41,46500,2,Government Employee,Website,Premium Launch,3,2,1,No,0,0,0,Gym,No,Semi-Furnished,North-East,Home Loan,Sold,15
SRP100275,CUST100275,Srijan Realty Heights,Apartment,2 BHK,Kolkata,Sonarpur,700102,22.663088,88.252465,2252,16,17,6810,15336120,0,15336120,10/31/2023,12/19/2025,36,82100,3,IT Professional,Property Portal,Referral Drive,8,1,1,Yes,4926000,9.42,25,Basic,Yes,Unfurnished,South-East,Home Loan,Sold,104
SRP100276,CUST100276,Srijan Realty Heights,Apartment,2 BHK,Kolkata,Ballygunge,700124,22.614697,88.342323,1202,14,18,8788,10563176,1.59,10395222,10/8/2022,4/30/2024,28,128000,2,IT Professional,Facebook,Referral Drive,2,2,0,Yes,5337498,8.79,25,Swimming Pool,Yes,Semi-Furnished,North-East,Home Loan,Available,
SRP100277,CUST100277,Srijan Courtyard,Apartment,3 BHK,Kolkata,EM Bypass,700084,22.732032,88.270695,1197,23,23,7913,9471861,2.1,9272952,9/25/2023,3/18/2024,48,64900,1,Government Employee,Facebook,Premium Launch,8,2,1,Yes,3894000,8.51,10,Gym,Yes,Semi-Furnished,East,Self Funded,Available,
SRP100278,CUST100278,Srijan Harmony,Apartment,3 BHK,Kolkata,New Town,700107,22.678661,88.483735,1008,15,15,9105,9177840,4.72,8744646,1/22/2022,5/3/2023,40,93600,4,Government Employee,Walk-in,Premium Launch,6,0,1,Yes,5616000,8.63,20,"Gym,Clubhouse",Yes,Unfurnished,North-East,Mixed,Negotiation,
SRP100279,CUST100279,Srijan Residency,Villa,3 BHK,Kolkata,Behala,700084,22.556888,88.319946,2090,8,13,3961,8278490,5.52,7821517,3/11/2023,1/9/2025,47,48500,3,Business Owner,Website,Summer Sale,6,5,2,Yes,2910000,7.66,25,Basic,No,Fully Furnished,South,Home Loan,Sold,50
SRP100280,CUST100280,Srijan Harmony,Apartment,4 BHK,Kolkata,Tollygunge,700019,22.668463,88.324063,1870,5,33,6485,12126950,7.86,11173772,9/3/2023,1/24/2024,26,34200,1,Government Employee,Google Ads,Digital Awareness,7,2,1,Yes,2052000,8.94,20,"Gym,Pool",Yes,Semi-Furnished,South-East,Mixed,Negotiation,
SRP100281,CUST100281,Srijan Harmony,Plot,1 BHK,Kolkata,Ballygunge,700124,22.502118,88.436623,1143,29,29,6835,7812405,7.05,7261630,11/10/2024,6/13/2025,38,101700,1,Doctor,Google Ads,New Year Campaign,7,5,1,No,0,0,0,"Gym,Pool,Clubhouse",Yes,Semi-Furnished,East,Mixed,Available,
SRP100282,CUST100282,Srijan Harmony,Plot,2 BHK,Kolkata,Barasat,700107,22.746086,88.437324,1675,10,32,5264,8817200,1.02,8727265,5/26/2023,7/15/2024,21,103500,5,Self Employed,Website,Monsoon Offer,9,6,2,Yes,6210000,9.02,20,Basic,Yes,Unfurnished,South-East,Mixed,Sold,100
SRP100283,CUST100283,Srijan Courtyard,Apartment,2 BHK,Kolkata,Barasat,700052,22.506182,88.272885,1469,12,13,6989,10266841,5.26,9726805,10/16/2023,3/20/2025,51,74800,4,Government Employee,Google Ads,Referral Drive,8,3,2,Yes,4488000,9.53,15,Swimming Pool,Yes,Semi-Furnished,South-East,Mixed,Sold,51
SRP100284,CUST100284,Srijan Harmony,Apartment,2 BHK,Kolkata,EM Bypass,700033,22.676948,88.485024,1027,3,14,9326,9577802,3.15,9276101,12/4/2023,1/14/2026,46,148100,3,Teacher,Referral,Digital Awareness,6,1,3,No,0,0,0,"Gym,Pool,Clubhouse",No,Unfurnished,North,Self Funded,Negotiation,
SRP100285,CUST100285,Srijan Prime,Apartment,2 BHK,Kolkata,EM Bypass,700091,22.556663,88.540666,737,18,23,7441,5484017,7.84,5054070,2/27/2025,8/2/2027,44,97200,7,Engineer,Facebook,Monsoon Offer,9,3,3,Yes,3180558,7.51,25,"Gym,Pool",Yes,Semi-Furnished,North-East,Mixed,Sold,73
SRP100286,CUST100286,Srijan Greenview,Apartment,2 BHK,Kolkata,Rajarhat,700084,22.635966,88.432167,1615,13,33,3500,5652500,7.05,5253999,5/11/2022,2/17/2023,38,78300,5,Engineer,Instagram,New Year Campaign,6,3,1,Yes,2382326,7.41,10,"Gym,Pool",Yes,Semi-Furnished,South,Home Loan,Sold,7
SRP100287,CUST100287,Srijan Urban Vista,Apartment,4 BHK,Kolkata,Ballygunge,700107,22.588313,88.361,1499,1,21,11346,17007654,6.52,15898755,7/19/2022,11/30/2024,36,95800,5,Teacher,Referral,Monsoon Offer,10,2,4,No,0,0,0,"Gym,Clubhouse",No,Fully Furnished,West,Home Loan,Sold,46
SRP100288,CUST100288,Srijan Realty Heights,Villa,3 BHK,Kolkata,Salt Lake,700064,22.730204,88.358009,1633,11,11,6566,10722278,1.63,10547505,8/23/2025,3/20/2026,49,141400,5,Private Employee,Email Campaign,Referral Drive,9,3,1,Yes,7835591,8.96,15,"Gym,Clubhouse",No,Semi-Furnished,North-East,Mixed,Available,
SRP100289,CUST100289,Srijan Realty Heights,Apartment,2 BHK,Kolkata,Tollygunge,700091,22.47261,88.457613,1971,19,23,8395,16546545,4.58,15788713,1/15/2022,3/28/2023,21,61500,4,Teacher,Email Campaign,Digital Awareness,7,3,1,No,0,0,0,"Gym,Pool,Clubhouse",No,Unfurnished,West,Home Loan,Negotiation,
SRP100290,CUST100290,Srijan Urban Vista,Apartment,2 BHK,Kolkata,New Town,700033,22.604545,88.422374,1993,6,32,6543,13040199,6.51,12191282,9/6/2024,10/15/2026,44,54400,5,IT Professional,Referral,Referral Drive,5,2,1,Yes,3264000,8.4,15,"Gym,Pool",Yes,Semi-Furnished,West,Self Funded,Sold,7
SRP100291,CUST100291,Srijan Courtyard,Villa,3 BHK,Kolkata,Garia,700064,22.466662,88.46584,845,26,33,7768,6563960,3.61,6327001,7/5/2025,11/4/2025,36,56500,2,Private Employee,Email Campaign,Festive Offer,10,3,0,Yes,3390000,7.84,20,Swimming Pool,Yes,Fully Furnished,South-East,Home Loan,Available,
SRP100292,CUST100292,Srijan Gardenia,Apartment,3 BHK,Kolkata,Salt Lake,700102,22.516675,88.357483,2179,2,30,7383,16087557,3.44,15534145,11/19/2023,10/31/2025,39,64900,4,Other,Broker,Summer Sale,8,1,1,No,0,0,0,"Gym,Pool,Clubhouse",Yes,Fully Furnished,West,Home Loan,Available,
SRP100293,CUST100293,Srijan Courtyard,Plot,2 BHK,Kolkata,Sonarpur,700033,22.638711,88.476443,1431,21,21,6979,9986949,7.93,9194984,4/18/2023,2/8/2024,40,54800,4,Self Employed,Facebook,Premium Launch,4,4,0,Yes,3288000,8.26,25,Basic,Yes,Unfurnished,East,Home Loan,Available,
SRP100294,CUST100294,Srijan Realty Heights,Penthouse,3 BHK,Kolkata,Dum Dum,700033,22.602519,88.282423,1797,25,29,4628,8316516,8.15,7638720,11/1/2023,2/3/2026,42,51200,2,Private Employee,Google Ads,Premium Launch,8,2,0,No,0,0,0,Swimming Pool,Yes,Unfurnished,West,Home Loan,Sold,53
SRP100295,CUST100295,Srijan Realty Heights,Apartment,1 BHK,Kolkata,New Town,700107,22.601497,88.266727,450,9,23,6886,3098700,5.67,2923004,8/22/2022,3/26/2024,28,47500,3,IT Professional,Website,New Year Campaign,10,2,0,Yes,1618158,9.02,25,Swimming Pool,No,Semi-Furnished,South-East,Home Loan,Negotiation,
SRP100296,CUST100296,Srijan Urban Vista,Villa,2 BHK,Kolkata,Dum Dum,700107,22.622551,88.385279,952,10,10,5912,5628224,4.43,5378894,1/25/2023,10/19/2023,26,53500,2,Other,Google Ads,Festive Offer,10,3,0,No,0,0,0,Park,No,Unfurnished,North,Self Funded,Negotiation,
SRP100297,CUST100297,Srijan Harmony,Apartment,3 BHK,Kolkata,Tollygunge,711101,22.719633,88.425739,1576,13,30,5805,9148680,4.84,8705884,6/15/2024,10/13/2026,39,115900,6,Government Employee,Walk-in,Monsoon Offer,8,1,0,Yes,3946120,9.51,20,Park,Yes,Unfurnished,North,Mixed,Sold,108
SRP100298,CUST100298,Srijan Courtyard,Apartment,3 BHK,Kolkata,Howrah,700102,22.513619,88.389405,1362,1,34,6181,8418522,9.5,7618762,11/2/2025,2/5/2028,21,68000,1,Self Employed,Referral,Festive Offer,8,4,2,No,0,0,0,"Pool,Park",Yes,Semi-Furnished,North-East,Mixed,Available,
SRP100299,CUST100299,Srijan Enclave,Apartment,3 BHK,Kolkata,Howrah,700124,22.610389,88.456659,1357,3,14,5440,7382080,11.41,6539785,7/26/2024,11/16/2025,30,50400,2,Business Owner,Walk-in,Summer Sale,4,0,0,Yes,3024000,7.91,20,"Gym,Pool,Clubhouse",Yes,Semi-Furnished,West,Mixed,Sold,115
SRP100300,CUST100300,Srijan Urban Vista,Villa,2 BHK,Kolkata,Behala,700019,22.481624,88.263464,827,4,28,6643,5493761,5.6,5186110,8/9/2024,7/13/2025,21,39100,6,Business Owner,Email Campaign,Premium Launch,11,3,3,Yes,2346000,8.62,20,Swimming Pool,Yes,Unfurnished,North,Home Loan,Sold,7
SRP100301,CUST100301,Srijan Prime,Villa,2 BHK,Kolkata,Sonarpur,700033,22.653071,88.409299,1190,4,18,5334,6347460,4.97,6031991,2/14/2025,6/21/2026,33,64000,2,Private Employee,Instagram,New Year Campaign,7,2,2,Yes,3411593,9.17,25,Gym,Yes,Unfurnished,North-East,Home Loan,Sold,40
SRP100302,CUST100302,Srijan Realty Heights,Apartment,2 BHK,Kolkata,Salt Lake,700019,22.719599,88.382796,1035,6,10,6202,6419070,8.17,5894632,5/15/2025,3/7/2026,42,111200,4,Doctor,Email Campaign,Digital Awareness,7,2,0,No,0,0,0,"Gym,Pool,Clubhouse",Yes,Semi-Furnished,South-East,Home Loan,Negotiation,
SRP100303,CUST100303,Srijan Urban Vista,Apartment,5 BHK,Kolkata,Ballygunge,700052,22.623571,88.546891,1173,10,13,6722,7884906,1.28,7783979,6/4/2022,7/5/2023,49,33900,5,Engineer,Email Campaign,Summer Sale,8,3,1,No,0,0,0,Swimming Pool,Yes,Semi-Furnished,West,Mixed,Sold,34
SRP100304,CUST100304,Srijan Courtyard,Apartment,2 BHK,Kolkata,Rajarhat,700107,22.647834,88.260036,1738,17,33,5572,9684136,8.37,8873574,9/12/2024,4/26/2025,50,130100,2,Other,Facebook,Summer Sale,11,3,1,No,0,0,0,Park,No,Fully Furnished,South,Self Funded,Sold,72
SRP100305,CUST100305,Srijan Realty Heights,Apartment,3 BHK,Kolkata,Rajarhat,700052,22.494535,88.416176,450,4,30,5212,2345400,13.59,2026660,8/22/2024,9/18/2025,49,84200,4,Private Employee,Referral,New Year Campaign,12,0,0,Yes,985768,10.02,15,"Gym,Pool,Clubhouse",No,Unfurnished,East,Mixed,Sold,85
SRP100306,CUST100306,Srijan Gardenia,Apartment,3 BHK,Kolkata,Tollygunge,700102,22.506033,88.458925,1716,4,21,7356,12622896,6.94,11746867,6/11/2025,8/20/2026,29,101000,3,IT Professional,Instagram,Monsoon Offer,9,4,1,No,0,0,0,Gym,Yes,Unfurnished,East,Mixed,Negotiation,
SRP100307,CUST100307,Srijan Urban Vista,Apartment,2 BHK,Kolkata,Ballygunge,711101,22.534119,88.384728,934,28,28,9187,8580658,11.15,7623915,1/26/2022,4/24/2023,29,69100,4,Government Employee,Google Ads,Festive Offer,10,1,2,Yes,3486385,8.92,25,"Gym,Pool",Yes,Unfurnished,South-East,Home Loan,Negotiation,
SRP100308,CUST100308,Srijan Residency,Apartment,4 BHK,Kolkata,Barasat,700052,22.497848,88.350078,743,18,18,7379,5482597,3.14,5310443,10/20/2023,11/1/2025,35,94600,4,Self Employed,Referral,Digital Awareness,7,1,0,Yes,3328147,9.61,20,"Gym,Pool,Clubhouse",No,Semi-Furnished,South-East,Home Loan,Sold,97
SRP100309,CUST100309,Srijan Realty Heights,Apartment,4 BHK,Kolkata,New Town,700102,22.655836,88.504636,2082,20,28,6970,14511540,0,14511540,2/26/2022,6/2/2022,42,183900,4,Government Employee,Broker,Monsoon Offer,9,1,1,No,0,0,0,"Pool,Park",Yes,Fully Furnished,East,Mixed,Sold,103
SRP100310,CUST100310,Srijan Courtyard,Apartment,2 BHK,Kolkata,Barasat,700102,22.685885,88.264574,1828,4,34,6612,12086736,6.5,11301098,6/16/2022,10/8/2024,30,66800,7,Engineer,Google Ads,Summer Sale,5,5,2,Yes,4008000,8.84,20,Clubhouse,No,Fully Furnished,West,Home Loan,Sold,134
SRP100311,CUST100311,Srijan Greenview,Apartment,4 BHK,Kolkata,Howrah,711101,22.517279,88.260157,1603,17,17,6778,10865134,7.61,10038297,9/3/2022,8/7/2023,21,66800,5,Other,Facebook,Summer Sale,10,3,0,Yes,4008000,8.61,20,"Gym,Pool,Clubhouse",Yes,Unfurnished,North-East,Self Funded,Available,
SRP100312,CUST100312,Srijan Enclave,Villa,2 BHK,Kolkata,Salt Lake,700084,22.50304,88.438834,1665,28,28,5527,9202455,2.91,8934664,3/29/2022,1/10/2024,36,73900,4,Engineer,Website,New Year Campaign,7,5,2,No,0,0,0,Swimming Pool,Yes,Fully Furnished,East,Home Loan,Available,
SRP100313,CUST100313,Srijan Meadows,Villa,1 BHK,Kolkata,EM Bypass,700064,22.634862,88.408038,1179,3,19,5498,6482142,4.47,6192390,3/20/2023,6/16/2024,50,39500,2,Doctor,Broker,Monsoon Offer,6,0,3,No,0,0,0,Basic,No,Semi-Furnished,West,Self Funded,Available,
SRP100314,CUST100314,Srijan Harmony,Apartment,2 BHK,Kolkata,Barasat,711101,22.608819,88.539168,1080,20,26,6809,7353720,6.21,6897054,4/22/2023,1/26/2025,26,39000,6,Other,Website,Referral Drive,10,0,1,Yes,2340000,8.79,10,Park,No,Semi-Furnished,East,Home Loan,Sold,48
SRP100315,CUST100315,Srijan Meadows,Plot,3 BHK,Kolkata,Barasat,700019,22.584814,88.497644,1206,1,15,10240,12349440,4.71,11767781,7/10/2022,4/24/2023,36,52600,3,Doctor,Google Ads,Summer Sale,12,4,1,Yes,3156000,10.18,15,"Pool,Park",Yes,Fully Furnished,North,Home Loan,Negotiation,
SRP100316,CUST100316,Srijan Courtyard,Apartment,3 BHK,Kolkata,New Town,700019,22.664419,88.405079,1197,29,32,7380,8833860,2.11,8647466,1/13/2022,4/23/2022,36,38100,3,Private Employee,Instagram,Referral Drive,12,0,0,Yes,2286000,8.48,20,Basic,Yes,Semi-Furnished,South,Home Loan,Available,
SRP100317,CUST100317,Srijan Prime,Apartment,2 BHK,Kolkata,New Town,700052,22.573472,88.454586,1722,14,23,5250,9040500,6.84,8422130,1/14/2024,11/3/2024,32,61500,6,Doctor,Walk-in,Referral Drive,11,7,0,Yes,3690000,8.04,20,Gym,No,Semi-Furnished,North,Home Loan,Negotiation,
SRP100318,CUST100318,Srijan Prime,Penthouse,2 BHK,Kolkata,Salt Lake,700124,22.66655,88.457492,1859,23,23,6626,12317734,7.57,11385282,10/16/2022,9/9/2024,28,63200,3,Government Employee,Referral,Digital Awareness,11,3,2,Yes,3792000,8.05,20,"Pool,Park",No,Semi-Furnished,North,Mixed,Sold,109
SRP100319,CUST100319,Srijan Greenview,Apartment,2 BHK,Kolkata,Sonarpur,700091,22.454565,88.380463,1659,19,19,7603,12613377,6.22,11828825,2/18/2024,2/3/2026,46,141100,4,Self Employed,Instagram,Monsoon Offer,7,3,2,Yes,8283910,7.89,30,"Gym,Pool",No,Fully Furnished,South,Mixed,Sold,74
SRP100320,CUST100320,Srijan Harmony,Penthouse,3 BHK,Kolkata,Behala,700091,22.671927,88.509382,2330,7,27,5977,13926410,4.6,13285795,2/19/2025,10/6/2025,29,97500,3,Doctor,Instagram,Digital Awareness,7,4,2,Yes,5850000,9.51,30,Swimming Pool,No,Semi-Furnished,North,Home Loan,Sold,96
SRP100321,CUST100321,Srijan Residency,Apartment,4 BHK,Kolkata,Garia,700033,22.704596,88.390646,1152,30,32,8247,9500544,3.92,9128123,12/27/2025,6/7/2027,49,33300,4,Self Employed,Walk-in,Festive Offer,8,5,2,Yes,1998000,7.78,20,Swimming Pool,Yes,Unfurnished,North,Home Loan,Negotiation,
SRP100322,CUST100322,Srijan Greenview,Apartment,2 BHK,Kolkata,Tollygunge,711101,22.636677,88.287641,1328,21,21,8298,11019744,6.53,10300155,9/6/2024,12/5/2024,33,72500,2,Business Owner,Instagram,Summer Sale,4,2,2,Yes,4350000,8.96,20,"Pool,Park",Yes,Unfurnished,North-East,Mixed,Sold,73
SRP100323,CUST100323,Srijan Meadows,Apartment,3 BHK,Kolkata,Dum Dum,700102,22.598925,88.297714,852,20,23,7216,6148032,3.76,5916866,4/10/2022,9/8/2023,41,167700,4,Self Employed,Email Campaign,New Year Campaign,7,2,0,Yes,4923012,7.64,30,"Gym,Clubhouse",No,Semi-Furnished,South,Home Loan,Available,
SRP100324,CUST100324,Srijan Greenview,Apartment,3 BHK,Kolkata,Rajarhat,700107,22.579397,88.490036,1047,1,27,5839,6113433,4.8,5819988,2/27/2022,8/24/2023,25,38000,4,Doctor,Referral,Premium Launch,4,2,4,Yes,2280000,7.95,20,Basic,No,Unfurnished,West,Self Funded,Sold,7
SRP100325,CUST100325,Srijan Meadows,Apartment,1 BHK,Kolkata,New Town,700064,22.482882,88.294095,1081,4,17,8129,8787449,8.73,8020305,8/17/2025,10/22/2026,37,54800,3,Engineer,Instagram,Digital Awareness,4,0,0,Yes,3288000,8.45,15,Clubhouse,Yes,Semi-Furnished,North,Home Loan,Sold,76
SRP100326,CUST100326,Srijan Realty Heights,Apartment,2 BHK,Kolkata,Tollygunge,700102,22.567856,88.302097,1744,24,24,6660,11615040,7.77,10712551,3/8/2025,3/25/2027,52,51100,3,Doctor,Facebook,Referral Drive,9,1,0,Yes,3066000,8.92,25,Clubhouse,Yes,Unfurnished,North,Home Loan,Negotiation,
SRP100327,CUST100327,Srijan Prime,Apartment,3 BHK,Kolkata,Rajarhat,700033,22.683652,88.310822,1138,8,8,5916,6732408,5.81,6341255,4/21/2023,8/12/2024,41,71600,6,Engineer,Instagram,Summer Sale,9,2,0,Yes,4296000,8.65,20,"Gym,Clubhouse",Yes,Unfurnished,South,Home Loan,Available,
SRP100328,CUST100328,Srijan Realty Heights,Penthouse,2 BHK,Kolkata,Sonarpur,700019,22.655404,88.336582,1294,26,28,6086,7875284,3.1,7631150,1/22/2023,11/17/2024,23,72900,2,Private Employee,Email Campaign,Summer Sale,4,5,0,No,0,0,0,Basic,Yes,Semi-Furnished,West,Self Funded,Sold,69
SRP100329,CUST100329,Srijan Enclave,Apartment,3 BHK,Kolkata,Barasat,700019,22.643989,88.340025,1285,8,14,8679,11152515,3.21,10794519,7/11/2022,5/10/2024,39,40800,3,Government Employee,Broker,Referral Drive,3,3,2,Yes,2448000,8.63,25,"Gym,Pool,Clubhouse",No,Unfurnished,South,Mixed,Sold,7
SRP100330,CUST100330,Srijan Harmony,Villa,5 BHK,Kolkata,Garia,700019,22.586659,88.54479,954,17,22,8089,7716906,8.89,7030873,8/21/2025,11/10/2027,45,76400,4,Other,Facebook,New Year Campaign,8,3,1,No,0,0,0,Clubhouse,No,Semi-Furnished,South-East,Home Loan,Available,
SRP100331,CUST100331,Srijan Residency,Apartment,2 BHK,Kolkata,Salt Lake,700052,22.540875,88.546294,746,30,30,6177,4608042,7.47,4263821,1/25/2022,6/28/2024,45,50800,4,Engineer,Property Portal,Monsoon Offer,10,0,1,Yes,3048000,10.72,25,Swimming Pool,Yes,Unfurnished,West,Self Funded,Sold,117
SRP100332,CUST100332,Srijan Meadows,Apartment,2 BHK,Kolkata,Behala,711101,22.611495,88.495771,950,19,29,6753,6415350,5.06,6090733,4/26/2022,9/8/2023,35,113600,4,Self Employed,Facebook,Summer Sale,9,2,1,Yes,5095085,9.69,20,Gym,Yes,Unfurnished,North,Home Loan,Negotiation,
SRP100333,CUST100333,Srijan Residency,Apartment,3 BHK,Kolkata,Barasat,700019,22.503692,88.464552,1161,15,26,6373,7399053,4.55,7062396,6/8/2025,2/28/2027,51,165500,5,Teacher,Walk-in,Festive Offer,12,2,4,Yes,3852768,7.52,30,"Gym,Pool",Yes,Unfurnished,North-East,Home Loan,Sold,49
SRP100334,CUST100334,Srijan Meadows,Apartment,3 BHK,Kolkata,Sonarpur,700124,22.736189,88.279322,1281,10,10,4621,5919501,2.43,5775657,6/10/2023,6/19/2024,46,77300,5,Private Employee,Google Ads,Referral Drive,6,2,0,Yes,2907069,8.45,10,Gym,Yes,Unfurnished,South-East,Home Loan,Negotiation,
SRP100335,CUST100335,Srijan Courtyard,Penthouse,3 BHK,Kolkata,Garia,700124,22.53459,88.435026,1528,15,23,3584,5476352,0.97,5423231,8/2/2023,2/7/2025,34,40300,1,Teacher,Email Campaign,Digital Awareness,17,2,3,Yes,2418000,7.59,25,"Gym,Clubhouse",No,Unfurnished,West,Home Loan,Sold,74
SRP100336,CUST100336,Srijan Greenview,Apartment,3 BHK,Kolkata,Tollygunge,700124,22.721155,88.275367,1857,10,23,6354,11799378,4.28,11294365,6/28/2024,5/15/2025,34,70500,5,Private Employee,Website,Digital Awareness,10,2,3,Yes,4230000,9.57,25,"Gym,Pool",Yes,Semi-Furnished,East,Home Loan,Negotiation,
SRP100337,CUST100337,Srijan Enclave,Plot,2 BHK,Kolkata,Garia,700107,22.529156,88.351757,1629,30,30,4945,8055405,4.94,7657468,6/3/2023,2/10/2024,38,45900,5,Self Employed,Instagram,Summer Sale,4,6,0,No,0,0,0,Park,No,Unfurnished,West,Mixed,Available,
SRP100338,CUST100338,Srijan Prime,Apartment,2 BHK,Kolkata,Sonarpur,700124,22.687805,88.497465,1263,22,25,7897,9973911,7.14,9261774,3/12/2023,3/4/2024,29,114100,3,Government Employee,Referral,Digital Awareness,7,3,2,Yes,6846000,8.91,20,Gym,No,Semi-Furnished,East,Home Loan,Sold,94
SRP100339,CUST100339,Srijan Meadows,Apartment,3 BHK,Kolkata,Salt Lake,700052,22.643514,88.487888,809,3,29,5251,4248059,0.62,4221721,2/2/2023,11/30/2024,49,49900,4,Engineer,Walk-in,Summer Sale,9,3,2,Yes,2994000,7.69,10,"Gym,Clubhouse",Yes,Unfurnished,South,Mixed,Available,
SRP100340,CUST100340,Srijan Residency,Apartment,2 BHK,Kolkata,Dum Dum,700064,22.697484,88.4919,920,20,31,6910,6357200,2.7,6185556,1/26/2025,4/16/2026,29,39700,2,Doctor,Website,Premium Launch,5,1,3,Yes,2382000,8.18,20,"Gym,Pool",Yes,Semi-Furnished,South-East,Home Loan,Sold,49
SRP100341,CUST100341,Srijan Enclave,Apartment,4 BHK,Kolkata,Garia,700124,22.497639,88.379123,450,2,23,8070,3631500,2.01,3558507,6/22/2024,9/28/2026,39,53600,2,IT Professional,Google Ads,Festive Offer,7,2,1,No,0,0,0,Swimming Pool,Yes,Unfurnished,North-East,Mixed,Available,
SRP100342,CUST100342,Srijan Gardenia,Apartment,3 BHK,Kolkata,EM Bypass,700033,22.467835,88.289532,1097,25,25,6351,6967047,0,6967047,5/19/2022,12/31/2023,23,98100,6,Self Employed,Referral,New Year Campaign,8,1,2,Yes,5782632,8.12,20,Basic,No,Semi-Furnished,North,Self Funded,Sold,65
SRP100343,CUST100343,Srijan Gardenia,Apartment,3 BHK,Kolkata,Garia,700052,22.593829,88.445931,911,6,26,7907,7203277,3.63,6941798,4/8/2022,10/4/2022,21,65000,2,Self Employed,Google Ads,Premium Launch,13,3,2,Yes,3900000,8.73,20,Swimming Pool,Yes,Fully Furnished,South-East,Mixed,Sold,13
SRP100344,CUST100344,Srijan Realty Heights,Plot,2 BHK,Kolkata,Barasat,700084,22.459039,88.316588,1076,14,14,3996,4299696,5.94,4044294,10/5/2023,12/10/2024,37,43800,5,Business Owner,Facebook,New Year Campaign,4,4,0,No,0,0,0,Swimming Pool,Yes,Semi-Furnished,East,Mixed,Available,
SRP100345,CUST100345,Srijan Prime,Villa,4 BHK,Kolkata,Ballygunge,700084,22.561267,88.293526,1237,4,10,10667,13195079,4.04,12661998,11/9/2023,6/24/2025,42,78600,3,Private Employee,Email Campaign,Summer Sale,6,3,3,Yes,4716000,8.18,15,"Gym,Pool,Clubhouse",No,Semi-Furnished,South,Self Funded,Sold,37
SRP100346,CUST100346,Srijan Courtyard,Apartment,2 BHK,Kolkata,Sonarpur,700084,22.553133,88.456099,734,23,23,5758,4226372,5.66,3987159,5/17/2024,1/18/2025,42,63700,4,Doctor,Walk-in,Summer Sale,6,2,1,No,0,0,0,"Gym,Clubhouse",No,Unfurnished,South-East,Home Loan,Available,
SRP100347,CUST100347,Srijan Residency,Apartment,2 BHK,Kolkata,Tollygunge,700064,22.607625,88.398592,893,20,20,4037,3605041,6.02,3388018,11/10/2024,2/19/2025,40,60300,4,Teacher,Website,Digital Awareness,9,1,0,No,0,0,0,"Gym,Pool,Clubhouse",Yes,Fully Furnished,North,Home Loan,Sold,9
SRP100348,CUST100348,Srijan Greenview,Apartment,3 BHK,Kolkata,Barasat,700064,22.479813,88.421257,1105,29,29,4590,5071950,6.8,4727057,12/15/2022,7/30/2023,25,58900,2,Private Employee,Website,Festive Offer,15,1,1,Yes,3534000,8.2,20,Park,Yes,Fully Furnished,North-East,Home Loan,Sold,69
SRP100349,CUST100349,Srijan Greenview,Apartment,3 BHK,Kolkata,Tollygunge,700107,22.640253,88.272964,1752,15,15,6758,11840016,7.38,10966223,4/6/2024,4/30/2026,29,58300,2,Government Employee,Broker,Digital Awareness,10,4,2,Yes,3498000,8.92,20,Park,Yes,Semi-Furnished,North,Home Loan,Negotiation,
SRP100350,CUST100350,Srijan Residency,Penthouse,1 BHK,Kolkata,Salt Lake,700091,22.544624,88.48113,589,3,11,3709,2184601,6.65,2039325,11/22/2025,12/13/2027,53,42400,4,Other,Website,Digital Awareness,4,2,2,No,0,0,0,Gym,Yes,Semi-Furnished,South,Home Loan,Negotiation,
SRP100351,CUST100351,Srijan Harmony,Apartment,1 BHK,Kolkata,Garia,700019,22.450876,88.263629,1624,22,22,6640,10783360,3.76,10377906,1/26/2022,5/17/2023,49,49000,5,Teacher,Referral,Monsoon Offer,9,3,1,No,0,0,0,Basic,Yes,Semi-Furnished,North,Mixed,Negotiation,
SRP100352,CUST100352,Srijan Courtyard,Plot,3 BHK,Kolkata,EM Bypass,700084,22.720576,88.378583,1717,5,12,6403,10993951,6.95,10229871,7/6/2024,11/7/2025,45,35200,3,Engineer,Website,Monsoon Offer,8,0,0,Yes,2112000,8.53,20,"Gym,Pool,Clubhouse",Yes,Semi-Furnished,North,Self Funded,Available,
SRP100353,CUST100353,Srijan Enclave,Apartment,2 BHK,Kolkata,Garia,700052,22.734059,88.301375,1566,26,26,6497,10174302,6.51,9511955,5/28/2025,2/16/2027,41,120700,4,Self Employed,Google Ads,Summer Sale,11,3,2,Yes,7242000,8.16,20,"Gym,Clubhouse",Yes,Fully Furnished,East,Home Loan,Sold,7
SRP100354,CUST100354,Srijan Meadows,Apartment,4 BHK,Kolkata,Garia,700064,22.746356,88.30443,1301,1,21,5654,7355854,3.58,7092514,3/17/2024,7/14/2025,44,53500,6,Private Employee,Walk-in,Festive Offer,10,3,1,No,0,0,0,Clubhouse,No,Unfurnished,South,Self Funded,Available,
SRP100355,CUST100355,Srijan Harmony,Apartment,4 BHK,Kolkata,Barasat,700091,22.492317,88.2574,1563,16,18,7974,12463362,8.86,11359108,6/4/2023,7/25/2025,49,95800,3,Other,Referral,Festive Offer,11,4,1,No,0,0,0,"Gym,Pool,Clubhouse",Yes,Unfurnished,South,Mixed,Available,
SRP100356,CUST100356,Srijan Meadows,Apartment,3 BHK,Kolkata,EM Bypass,700107,22.50633,88.456485,1047,30,30,5340,5590980,5.82,5265585,8/18/2025,12/4/2027,36,73800,2,Government Employee,Website,Referral Drive,5,0,2,Yes,2938215,9.64,25,"Gym,Pool",Yes,Semi-Furnished,North-East,Mixed,Sold,64
SRP100357,CUST100357,Srijan Meadows,Apartment,3 BHK,Kolkata,New Town,711101,22.675946,88.533977,727,29,34,5784,4204968,3.58,4054430,2/8/2023,6/30/2025,28,35600,2,Doctor,Broker,Summer Sale,7,0,0,Yes,2136000,7.67,20,"Gym,Pool,Clubhouse",Yes,Semi-Furnished,North,Home Loan,Negotiation,
SRP100358,CUST100358,Srijan Harmony,Apartment,2 BHK,Kolkata,Behala,700091,22.683206,88.479697,1146,24,24,6168,7068528,6.59,6602712,10/30/2024,4/11/2025,35,45300,5,IT Professional,Email Campaign,Premium Launch,11,1,1,Yes,2718000,9.1,10,Basic,Yes,Unfurnished,East,Mixed,Negotiation,
SRP100359,CUST100359,Srijan Realty Heights,Apartment,3 BHK,Kolkata,Behala,711101,22.565498,88.549664,1539,13,34,7691,11836449,2.84,11500294,5/19/2023,10/11/2025,23,61300,4,Business Owner,Broker,New Year Campaign,1,1,1,Yes,3678000,7.2,25,"Gym,Pool,Clubhouse",Yes,Fully Furnished,West,Home Loan,Available,
SRP100360,CUST100360,Srijan Gardenia,Apartment,2 BHK,Kolkata,Tollygunge,711101,22.54548,88.421419,762,15,34,4886,3723132,8.52,3405921,4/15/2025,11/7/2025,34,65200,3,Private Employee,Email Campaign,Monsoon Offer,8,2,0,Yes,1917704,7.87,20,"Gym,Pool,Clubhouse",Yes,Semi-Furnished,South-East,Home Loan,Negotiation,
SRP100361,CUST100361,Srijan Meadows,Apartment,3 BHK,Kolkata,Rajarhat,700124,22.521213,88.448511,1268,21,26,5931,7520508,1.04,7442295,12/9/2022,4/11/2023,25,76000,2,IT Professional,Property Portal,Festive Offer,13,3,0,No,0,0,0,Gym,Yes,Semi-Furnished,South,Home Loan,Sold,98
SRP100362,CUST100362,Srijan Harmony,Apartment,3 BHK,Kolkata,New Town,700107,22.589859,88.262545,1131,21,22,7480,8459880,3.14,8194240,7/21/2022,1/5/2025,30,56000,3,Self Employed,Instagram,Monsoon Offer,10,7,0,Yes,3360000,7.57,25,"Gym,Pool,Clubhouse",Yes,Unfurnished,North-East,Mixed,Negotiation,
SRP100363,CUST100363,Srijan Harmony,Apartment,2 BHK,Kolkata,Garia,711101,22.539094,88.528835,1261,10,10,7832,9876152,3.26,9554189,4/27/2025,9/30/2026,35,105200,1,Self Employed,Website,New Year Campaign,11,0,3,Yes,6312000,7.57,25,"Gym,Pool",No,Unfurnished,South,Mixed,Sold,7
SRP100364,CUST100364,Srijan Urban Vista,Apartment,2 BHK,Kolkata,Salt Lake,700084,22.720778,88.358576,963,5,13,6245,6013935,3.42,5808258,10/11/2024,7/5/2026,30,238000,3,Private Employee,Broker,New Year Campaign,8,3,0,Yes,4578222,9.68,25,Park,Yes,Semi-Furnished,South,Home Loan,Available,
SRP100365,CUST100365,Srijan Realty Heights,Apartment,3 BHK,Kolkata,Garia,700019,22.541554,88.312954,1736,23,23,4816,8360576,5.2,7925826,3/4/2023,4/1/2024,43,58000,4,Other,Walk-in,Festive Offer,8,2,2,No,0,0,0,Swimming Pool,No,Semi-Furnished,North-East,Home Loan,Negotiation,
SRP100366,CUST100366,Srijan Prime,Apartment,2 BHK,Kolkata,New Town,711101,22.711976,88.268939,1440,26,26,9093,13093920,5.93,12317451,5/11/2022,8/12/2022,26,40800,3,Doctor,Email Campaign,Festive Offer,5,4,2,No,0,0,0,Swimming Pool,No,Unfurnished,North-East,Mixed,Sold,79
SRP100367,CUST100367,Srijan Urban Vista,Apartment,2 BHK,Kolkata,Sonarpur,700033,22.519633,88.409127,1290,1,9,10019,12924510,7.56,11947417,10/6/2023,7/13/2024,27,33200,4,Business Owner,Broker,Summer Sale,9,3,1,No,0,0,0,Park,Yes,Semi-Furnished,West,Home Loan,Available,
SRP100368,CUST100368,Srijan Urban Vista,Villa,3 BHK,Kolkata,Howrah,700033,22.481151,88.533099,849,18,18,7701,6538149,4.31,6256355,10/6/2022,7/16/2023,34,67300,3,Other,Email Campaign,Digital Awareness,5,1,2,Yes,3953165,7.78,25,"Gym,Pool,Clubhouse",No,Semi-Furnished,South-East,Mixed,Sold,91
SRP100369,CUST100369,Srijan Residency,Apartment,2 BHK,Kolkata,Howrah,700064,22.478569,88.39162,1177,29,29,8117,9553709,0.49,9506896,10/28/2025,5/1/2026,28,91700,3,Engineer,Facebook,Monsoon Offer,8,8,3,Yes,5502000,7.68,20,Clubhouse,Yes,Fully Furnished,North,Home Loan,Negotiation,
SRP100370,CUST100370,Srijan Gardenia,Apartment,3 BHK,Kolkata,Tollygunge,700033,22.531016,88.441876,803,17,31,4276,3433628,10.22,3082711,6/16/2023,9/1/2025,30,42100,3,Doctor,Walk-in,New Year Campaign,7,3,1,No,0,0,0,"Pool,Park",Yes,Unfurnished,South,Mixed,Sold,83
SRP100371,CUST100371,Srijan Harmony,Penthouse,3 BHK,Kolkata,Tollygunge,700052,22.57178,88.311943,930,28,28,5019,4667670,6.83,4348868,10/22/2025,4/26/2027,50,46000,7,Other,Broker,Premium Launch,2,4,1,Yes,2454370,10.1,25,Gym,Yes,Semi-Furnished,South,Home Loan,Sold,149
SRP100372,CUST100372,Srijan Gardenia,Apartment,3 BHK,Kolkata,Dum Dum,700091,22.470766,88.25257,753,17,17,6190,4661070,3.69,4489077,3/16/2022,3/29/2023,23,46700,4,Self Employed,Website,Monsoon Offer,13,2,3,No,0,0,0,Basic,Yes,Semi-Furnished,North,Self Funded,Negotiation,
SRP100373,CUST100373,Srijan Courtyard,Plot,2 BHK,Kolkata,Howrah,700124,22.47299,88.443324,1540,9,29,6893,10615220,6.44,9931600,9/19/2024,5/4/2026,34,97300,1,Business Owner,Property Portal,Monsoon Offer,3,1,2,No,0,0,0,Basic,No,Semi-Furnished,North-East,Home Loan,Sold,48
SRP100374,CUST100374,Srijan Residency,Apartment,3 BHK,Kolkata,Dum Dum,700084,22.484944,88.464474,1261,24,31,5612,7076732,2.94,6868676,2/28/2025,10/31/2025,35,69100,2,Teacher,Email Campaign,New Year Campaign,5,5,0,No,0,0,0,"Gym,Pool,Clubhouse",Yes,Fully Furnished,West,Mixed,Sold,118
SRP100375,CUST100375,Srijan Prime,Apartment,5 BHK,Kolkata,Barasat,700064,22.467238,88.341936,1869,29,29,6461,12075609,7.39,11183221,10/10/2025,2/5/2026,25,62600,2,Private Employee,Email Campaign,Summer Sale,11,4,0,No,0,0,0,Basic,No,Semi-Furnished,East,Self Funded,Available,
SRP100376,CUST100376,Srijan Gardenia,Apartment,3 BHK,Kolkata,Behala,700102,22.64729,88.371097,901,27,31,8533,7688233,5.89,7235396,2/9/2023,2/27/2025,21,203000,4,Doctor,Google Ads,Digital Awareness,5,1,6,Yes,3504425,7.2,15,"Gym,Pool",Yes,Semi-Furnished,North,Self Funded,Sold,73
SRP100377,CUST100377,Srijan Greenview,Apartment,2 BHK,Kolkata,New Town,700107,22.71333,88.513177,1390,5,6,8206,11406340,3.99,10951227,2/7/2024,5/28/2025,50,93300,4,Doctor,Website,Digital Awareness,9,1,0,No,0,0,0,"Pool,Park",Yes,Semi-Furnished,South,Home Loan,Available,
SRP100378,CUST100378,Srijan Meadows,Apartment,2 BHK,Kolkata,Barasat,700084,22.546035,88.468414,2035,2,16,5566,11326810,4.95,10766133,1/9/2025,4/27/2026,48,144100,4,Engineer,Broker,Premium Launch,8,2,2,Yes,7169344,8.49,20,Swimming Pool,Yes,Unfurnished,North,Home Loan,Sold,7
SRP100379,CUST100379,Srijan Courtyard,Plot,2 BHK,Kolkata,Barasat,700091,22.561692,88.264607,2056,12,33,7865,16170440,9.1,14698930,10/2/2024,2/23/2025,46,27600,4,Government Employee,Google Ads,Monsoon Offer,8,3,0,No,0,0,0,Gym,Yes,Unfurnished,South-East,Mixed,Available,
SRP100380,CUST100380,Srijan Realty Heights,Apartment,2 BHK,Kolkata,New Town,700019,22.677476,88.420663,1125,17,17,10814,12165750,2.8,11825109,10/25/2022,5/6/2023,27,76200,4,IT Professional,Website,Referral Drive,8,0,0,Yes,4572000,7.39,15,Swimming Pool,No,Unfurnished,North-East,Home Loan,Available,
SRP100381,CUST100381,Srijan Prime,Apartment,2 BHK,Kolkata,New Town,700107,22.616397,88.394727,771,27,34,7693,5931303,0,5931303,6/28/2024,10/6/2025,32,67200,4,IT Professional,Walk-in,New Year Campaign,6,2,0,No,0,0,0,Basic,Yes,Semi-Furnished,South,Self Funded,Sold,96
SRP100382,CUST100382,Srijan Courtyard,Villa,3 BHK,Kolkata,Salt Lake,700033,22.724115,88.457127,1243,20,22,5998,7455514,0,7455514,3/24/2023,6/26/2025,37,58700,3,Government Employee,Instagram,Premium Launch,12,5,0,Yes,3398645,8.46,15,"Gym,Pool,Clubhouse",Yes,Semi-Furnished,East,Mixed,Available,
SRP100383,CUST100383,Srijan Meadows,Apartment,1 BHK,Kolkata,Tollygunge,700102,22.676084,88.409296,1498,18,18,4503,6745494,11.08,5998093,10/31/2023,2/22/2024,41,80100,3,IT Professional,Instagram,Digital Awareness,6,3,1,Yes,3330628,7.99,30,Clubhouse,Yes,Semi-Furnished,North,Home Loan,Negotiation,
SRP100384,CUST100384,Srijan Residency,Apartment,3 BHK,Kolkata,Rajarhat,700102,22.619436,88.522088,949,23,25,5855,5556395,3.87,5341363,12/30/2024,11/29/2026,40,65300,3,Engineer,Facebook,New Year Campaign,9,5,2,Yes,2559194,9.09,15,Park,Yes,Unfurnished,East,Mixed,Sold,29
SRP100385,CUST100385,Srijan Meadows,Apartment,3 BHK,Kolkata,Howrah,700019,22.582278,88.515828,1157,27,27,4068,4706676,3.3,4551356,9/15/2022,5/18/2023,38,34700,4,Teacher,Instagram,Monsoon Offer,5,2,1,Yes,2082000,7.73,20,Swimming Pool,No,Semi-Furnished,East,Mixed,Available,
SRP100386,CUST100386,Srijan Urban Vista,Apartment,5 BHK,Kolkata,Sonarpur,700064,22.458318,88.529755,1426,12,12,3500,4991000,6.63,4660097,9/15/2023,8/1/2025,28,45600,2,Doctor,Walk-in,Summer Sale,9,2,2,Yes,2736000,8.58,30,"Gym,Pool",No,Unfurnished,South,Mixed,Negotiation,
SRP100387,CUST100387,Srijan Meadows,Apartment,4 BHK,Kolkata,Tollygunge,700084,22.624172,88.25283,1476,24,24,5908,8720208,9.23,7915333,4/20/2024,1/7/2026,37,25600,4,Business Owner,Walk-in,Premium Launch,10,3,0,No,0,0,0,Gym,Yes,Unfurnished,South,Home Loan,Sold,109
SRP100388,CUST100388,Srijan Urban Vista,Apartment,2 BHK,Kolkata,Garia,700102,22.668639,88.389989,1857,4,13,7599,14111343,4.89,13421298,10/20/2023,9/7/2025,37,108800,3,Engineer,Referral,Digital Awareness,12,2,2,Yes,6528000,8.97,20,"Pool,Park",Yes,Unfurnished,North-East,Home Loan,Sold,101
SRP100389,CUST100389,Srijan Residency,Apartment,2 BHK,Kolkata,Sonarpur,711101,22.63501,88.298886,1990,27,27,5789,11520110,5.55,10880744,12/29/2023,8/4/2025,48,80800,2,Doctor,Broker,Festive Offer,8,3,3,Yes,4848000,9.22,20,Clubhouse,Yes,Semi-Furnished,South,Home Loan,Negotiation,
SRP100390,CUST100390,Srijan Enclave,Apartment,3 BHK,Kolkata,Tollygunge,700033,22.549934,88.290555,945,8,8,5376,5080320,1.77,4990398,12/22/2024,11/21/2025,53,60200,2,Private Employee,Facebook,New Year Campaign,9,1,2,Yes,3612000,10.31,15,"Gym,Pool,Clubhouse",Yes,Unfurnished,South,Home Loan,Available,
SRP100391,CUST100391,Srijan Urban Vista,Apartment,3 BHK,Kolkata,Sonarpur,700052,22.547097,88.537235,1326,19,19,5864,7775664,4.22,7447531,10/13/2025,5/13/2026,42,172300,3,IT Professional,Google Ads,Referral Drive,8,3,2,No,0,0,0,Gym,Yes,Semi-Furnished,West,Self Funded,Sold,80
SRP100392,CUST100392,Srijan Realty Heights,Apartment,3 BHK,Kolkata,Barasat,700033,22.534863,88.437017,988,24,27,5577,5510076,2.84,5353590,4/4/2024,7/6/2026,24,152200,4,Teacher,Walk-in,Referral Drive,14,3,3,Yes,2604552,7.2,15,Swimming Pool,No,Unfurnished,North,Mixed,Available,
SRP100393,CUST100393,Srijan Meadows,Plot,3 BHK,Kolkata,Salt Lake,700019,22.736393,88.448032,1426,23,23,5522,7874372,6.03,7399547,5/31/2025,6/4/2027,21,91300,4,Doctor,Walk-in,New Year Campaign,8,4,1,No,0,0,0,"Gym,Pool,Clubhouse",Yes,Semi-Furnished,North,Mixed,Sold,85
SRP100394,CUST100394,Srijan Meadows,Villa,2 BHK,Kolkata,Salt Lake,700091,22.625932,88.41548,832,4,13,6275,5220800,4.37,4992651,8/17/2024,4/30/2026,24,75500,5,IT Professional,Facebook,Festive Offer,10,6,1,Yes,3719589,7.2,25,"Gym,Pool,Clubhouse",Yes,Unfurnished,East,Mixed,Sold,115
SRP100395,CUST100395,Srijan Realty Heights,Apartment,2 BHK,Kolkata,EM Bypass,700052,22.673973,88.447766,1294,3,22,5556,7189464,2.69,6996067,2/28/2022,9/11/2022,34,39300,4,Government Employee,Website,Referral Drive,11,4,1,Yes,2358000,7.2,20,"Gym,Clubhouse",Yes,Unfurnished,North,Mixed,Sold,45
SRP100396,CUST100396,Srijan Greenview,Plot,2 BHK,Kolkata,Barasat,700124,22.55946,88.309487,602,17,17,7193,4330186,3.5,4178629,1/7/2025,7/23/2026,54,55200,2,Government Employee,Instagram,Summer Sale,5,3,2,Yes,3247047,7.2,25,"Pool,Park",No,Fully Furnished,North,Mixed,Sold,92
SRP100397,CUST100397,Srijan Harmony,Apartment,4 BHK,Kolkata,Salt Lake,700019,22.637923,88.282341,750,16,17,8596,6447000,2.08,6312902,12/7/2022,4/10/2024,37,65600,3,Engineer,Instagram,Premium Launch,8,3,2,Yes,3936000,7.67,20,Park,Yes,Semi-Furnished,North,Mixed,Available,
SRP100398,CUST100398,Srijan Enclave,Apartment,3 BHK,Kolkata,Barasat,700107,22.645549,88.336647,1161,2,26,5337,6196257,5.54,5852984,6/11/2022,7/29/2024,31,78100,1,IT Professional,Walk-in,Summer Sale,11,4,0,Yes,3853390,9.08,15,Gym,Yes,Semi-Furnished,South,Home Loan,Negotiation,
SRP100399,CUST100399,Srijan Prime,Penthouse,3 BHK,Kolkata,Behala,711101,22.532004,88.400585,1427,1,29,7386,10539822,6.81,9822060,4/6/2025,3/31/2027,37,43700,2,Business Owner,Property Portal,Premium Launch,5,1,1,Yes,2622000,8.33,15,Swimming Pool,No,Unfurnished,East,Home Loan,Negotiation,
SRP100400,CUST100400,Srijan Urban Vista,Apartment,2 BHK,Kolkata,Tollygunge,700052,22.690823,88.455489,450,1,29,5891,2650950,3.38,2561348,11/21/2023,12/1/2024,39,79100,5,Self Employed,Google Ads,Referral Drive,10,3,2,Yes,1239279,8.26,20,Swimming Pool,Yes,Semi-Furnished,South-East,Home Loan,Sold,71
SRP100401,CUST100401,Srijan Realty Heights,Plot,4 BHK,Kolkata,Rajarhat,700107,22.490888,88.298711,1031,22,22,7956,8202636,0,8202636,7/12/2024,7/26/2025,60,92700,1,Other,Instagram,Monsoon Offer,8,1,3,Yes,5562000,9.55,25,Gym,Yes,Semi-Furnished,North,Home Loan,Negotiation,
SRP100402,CUST100402,Srijan Residency,Apartment,2 BHK,Kolkata,EM Bypass,700107,22.521004,88.524441,1319,8,20,6975,9200025,4.92,8747384,10/24/2022,2/27/2024,42,44200,2,Private Employee,Walk-in,Digital Awareness,6,1,2,No,0,0,0,"Pool,Park",Yes,Unfurnished,North-East,Home Loan,Negotiation,
SRP100403,CUST100403,Srijan Urban Vista,Penthouse,3 BHK,Kolkata,Dum Dum,700102,22.558134,88.254198,2129,10,34,6942,14779518,6.88,13762687,10/8/2023,9/6/2025,30,124000,2,Private Employee,Instagram,Monsoon Offer,10,3,0,No,0,0,0,"Pool,Park",No,Unfurnished,West,Home Loan,Negotiation,
SRP100404,CUST100404,Srijan Harmony,Plot,4 BHK,Kolkata,Ballygunge,700102,22.571831,88.425297,1258,9,15,8403,10570974,0.3,10539261,9/12/2022,1/31/2023,37,35100,2,IT Professional,Walk-in,Digital Awareness,8,2,0,No,0,0,0,Swimming Pool,Yes,Semi-Furnished,East,Home Loan,Sold,85
SRP100405,CUST100405,Srijan Residency,Apartment,3 BHK,Kolkata,Ballygunge,700107,22.742447,88.266754,1253,19,26,8690,10888570,4.04,10448672,12/21/2023,2/5/2025,30,85600,2,Business Owner,Email Campaign,Premium Launch,13,3,3,No,0,0,0,Park,Yes,Semi-Furnished,South,Self Funded,Sold,48
SRP100406,CUST100406,Srijan Courtyard,Plot,3 BHK,Kolkata,Howrah,700064,22.570726,88.445218,599,17,19,11071,6631529,9.8,5981639,8/22/2025,7/8/2026,27,60200,4,Other,Referral,Festive Offer,7,1,2,Yes,3522036,8.79,20,"Gym,Clubhouse",No,Fully Furnished,East,Home Loan,Sold,28
SRP100407,CUST100407,Srijan Meadows,Apartment,2 BHK,Kolkata,Barasat,700019,22.480724,88.411524,981,28,28,6959,6826779,6.26,6399423,2/15/2024,6/26/2026,39,76100,3,Other,Website,Premium Launch,4,4,0,Yes,3645076,8.82,15,"Gym,Pool,Clubhouse",Yes,Unfurnished,South-East,Mixed,Available,
SRP100408,CUST100408,Srijan Courtyard,Apartment,4 BHK,Kolkata,Sonarpur,700084,22.634004,88.543471,2182,29,29,8415,18361530,4.58,17520572,5/22/2023,8/19/2025,33,87600,3,Government Employee,Referral,Digital Awareness,14,0,0,Yes,5256000,9.46,20,Park,Yes,Semi-Furnished,South-East,Mixed,Negotiation,
SRP100409,CUST100409,Srijan Urban Vista,Apartment,2 BHK,Kolkata,Behala,700124,22.520684,88.358786,1045,27,29,5845,6108025,6.58,5706117,6/7/2022,1/18/2023,35,44400,4,IT Professional,Facebook,Monsoon Offer,7,1,1,No,0,0,0,Basic,Yes,Fully Furnished,East,Mixed,Available,
SRP100410,CUST100410,Srijan Harmony,Plot,2 BHK,Kolkata,Ballygunge,700091,22.735245,88.453983,1069,26,26,9120,9749280,1.41,9611815,6/21/2025,2/24/2026,47,44900,3,Business Owner,Facebook,Festive Offer,1,1,1,Yes,2694000,10.1,20,"Gym,Pool,Clubhouse",Yes,Semi-Furnished,South,Self Funded,Negotiation,
SRP100411,CUST100411,Srijan Enclave,Apartment,3 BHK,Kolkata,Sonarpur,711101,22.591361,88.264851,818,25,33,7362,6022116,2.22,5888425,4/15/2022,2/17/2023,32,31500,2,Self Employed,Google Ads,Monsoon Offer,13,4,0,Yes,1890000,9.47,25,Park,Yes,Semi-Furnished,West,Home Loan,Available,
SRP100412,CUST100412,Srijan Urban Vista,Penthouse,4 BHK,Kolkata,EM Bypass,700107,22.57491,88.52585,1618,5,25,6338,10254884,2.27,10022098,6/1/2025,11/5/2027,50,37200,3,IT Professional,Facebook,Summer Sale,8,2,3,Yes,2232000,8.57,15,Gym,Yes,Unfurnished,North,Home Loan,Sold,70
SRP100413,CUST100413,Srijan Realty Heights,Apartment,2 BHK,Kolkata,Ballygunge,700019,22.566322,88.425845,745,6,29,9579,7136355,9.05,6490515,5/15/2024,10/29/2026,55,91500,5,IT Professional,Referral,Referral Drive,3,1,0,Yes,3312712,8.12,20,"Gym,Clubhouse",Yes,Fully Furnished,South,Home Loan,Negotiation,
SRP100414,CUST100414,Srijan Gardenia,Plot,2 BHK,Kolkata,Barasat,700052,22.521089,88.301543,1371,2,5,7660,10501860,3.23,10162650,11/21/2022,4/25/2024,31,76400,4,Other,Referral,New Year Campaign,10,2,2,Yes,4584000,7.2,25,Gym,Yes,Unfurnished,North-East,Home Loan,Sold,99
SRP100415,CUST100415,Srijan Urban Vista,Apartment,3 BHK,Kolkata,New Town,700064,22.608778,88.392071,981,12,33,7967,7815627,4.58,7457671,1/1/2022,6/16/2023,41,35700,3,IT Professional,Google Ads,Premium Launch,14,2,1,Yes,2142000,8.77,25,"Pool,Park",Yes,Semi-Furnished,South-East,Mixed,Sold,97
SRP100416,CUST100416,Srijan Meadows,Apartment,2 BHK,Kolkata,Ballygunge,700124,22.587977,88.361208,948,6,6,8105,7683540,3.23,7435362,11/9/2025,5/23/2027,30,61900,2,Government Employee,Broker,Summer Sale,8,4,1,Yes,3714000,8.08,10,"Pool,Park",No,Semi-Furnished,West,Self Funded,Available,
SRP100417,CUST100417,Srijan Meadows,Apartment,1 BHK,Kolkata,Howrah,711101,22.462852,88.459229,1186,9,14,7400,8776400,0,8776400,1/27/2025,4/10/2026,43,82600,3,Teacher,Instagram,New Year Campaign,13,2,0,No,0,0,0,"Gym,Clubhouse",Yes,Semi-Furnished,North-East,Self Funded,Available,
SRP100418,CUST100418,Srijan Urban Vista,Villa,2 BHK,Kolkata,Dum Dum,700102,22.710825,88.418949,450,16,33,7501,3375450,0.43,3360936,1/28/2025,12/22/2026,59,48400,3,Doctor,Email Campaign,Premium Launch,12,5,0,No,0,0,0,"Gym,Clubhouse",No,Unfurnished,North,Self Funded,Available,
SRP100419,CUST100419,Srijan Residency,Apartment,2 BHK,Kolkata,Tollygunge,700033,22.637132,88.323762,1053,26,26,5314,5595642,3.24,5414343,1/21/2022,4/12/2024,36,76100,4,Private Employee,Broker,Digital Awareness,8,2,2,Yes,2571626,7.2,20,Gym,Yes,Semi-Furnished,North,Home Loan,Sold,18
SRP100420,CUST100420,Srijan Gardenia,Apartment,4 BHK,Kolkata,Dum Dum,700102,22.519471,88.443864,1458,11,18,7134,10401372,3.91,9994678,12/14/2024,6/27/2025,22,86400,4,Doctor,Broker,Festive Offer,6,0,2,Yes,5184000,9.53,20,Basic,No,Semi-Furnished,North-East,Home Loan,Available,
SRP100421,CUST100421,Srijan Realty Heights,Apartment,3 BHK,Kolkata,Behala,700107,22.525157,88.479944,1421,24,24,9433,13404293,3.1,12988760,2/5/2025,5/28/2026,36,51000,2,Private Employee,Website,Monsoon Offer,5,3,1,Yes,3060000,10.03,20,"Gym,Pool,Clubhouse",Yes,Semi-Furnished,South,Home Loan,Sold,88
SRP100422,CUST100422,Srijan Urban Vista,Apartment,3 BHK,Kolkata,Rajarhat,700033,22.660602,88.487132,1000,20,20,3892,3892000,0.18,3884994,10/22/2022,9/7/2023,48,88700,3,Government Employee,Referral,Digital Awareness,12,7,1,Yes,2450400,8.35,25,Basic,Yes,Unfurnished,East,Self Funded,Sold,117
SRP100423,CUST100423,Srijan Residency,Apartment,3 BHK,Kolkata,Dum Dum,700052,22.622522,88.264881,795,5,21,5953,4732635,0,4732635,1/23/2025,12/30/2026,45,170100,2,Doctor,Google Ads,Referral Drive,8,0,2,Yes,2688331,10.15,10,"Pool,Park",Yes,Unfurnished,North-East,Mixed,Available,
SRP100424,CUST100424,Srijan Meadows,Apartment,2 BHK,Kolkata,Tollygunge,700091,22.510028,88.312909,1502,6,14,5975,8974450,4.91,8533805,5/30/2023,9/12/2025,35,103100,5,Engineer,Broker,Summer Sale,8,3,2,No,0,0,0,Gym,Yes,Unfurnished,North-East,Home Loan,Sold,77
SRP100425,CUST100425,Srijan Meadows,Apartment,3 BHK,Kolkata,Salt Lake,700102,22.535786,88.469925,1324,16,22,4839,6406836,4.99,6087135,2/4/2025,11/1/2026,39,81600,4,Self Employed,Walk-in,Digital Awareness,10,4,5,Yes,3298126,8.7,20,Basic,Yes,Semi-Furnished,South-East,Home Loan,Sold,48
SRP100426,CUST100426,Srijan Harmony,Apartment,2 BHK,Kolkata,Sonarpur,700064,22.53673,88.346129,1380,25,27,8149,11245620,4.81,10704706,7/31/2025,7/3/2026,30,73500,3,Engineer,Google Ads,Premium Launch,9,0,2,Yes,4410000,9.36,15,Basic,Yes,Fully Furnished,West,Self Funded,Available,
SRP100427,CUST100427,Srijan Urban Vista,Apartment,2 BHK,Kolkata,Rajarhat,700019,22.634795,88.534334,1194,3,5,7056,8424864,9.86,7594172,8/11/2024,4/17/2025,53,84500,4,Other,Email Campaign,Digital Awareness,8,1,1,Yes,5070000,8.75,30,"Gym,Clubhouse",Yes,Semi-Furnished,South,Mixed,Negotiation,
SRP100428,CUST100428,Srijan Gardenia,Apartment,2 BHK,Kolkata,Ballygunge,711101,22.488683,88.526699,2090,15,15,11424,23876160,4.63,22770694,9/21/2024,11/12/2026,38,149500,2,Engineer,Referral,Premium Launch,10,3,0,Yes,8970000,9.1,25,Basic,Yes,Fully Furnished,West,Home Loan,Available,
SRP100429,CUST100429,Srijan Greenview,Apartment,3 BHK,Kolkata,Dum Dum,700107,22.581833,88.451824,1466,2,21,7464,10942224,1.44,10784656,4/10/2025,6/8/2026,27,50600,3,Private Employee,Email Campaign,New Year Campaign,12,0,0,No,0,0,0,Basic,Yes,Fully Furnished,South-East,Mixed,Sold,21
SRP100430,CUST100430,Srijan Gardenia,Apartment,2 BHK,Kolkata,Behala,700064,22.742836,88.498118,506,12,15,7824,3958944,3.17,3833445,1/8/2025,3/27/2027,28,145500,3,Other,Google Ads,Referral Drive,8,0,0,Yes,1759728,7.24,20,Park,Yes,Semi-Furnished,South,Home Loan,Available,
SRP100431,CUST100431,Srijan Meadows,Villa,4 BHK,Kolkata,Ballygunge,700102,22.717121,88.518018,1200,9,10,8470,10164000,8.49,9301076,7/18/2023,7/8/2025,37,33300,6,Business Owner,Instagram,Monsoon Offer,7,0,0,Yes,1998000,7.89,20,"Gym,Pool",Yes,Unfurnished,South,Home Loan,Available,
SRP100432,CUST100432,Srijan Meadows,Apartment,3 BHK,Kolkata,Garia,700124,22.655969,88.328898,893,14,26,6683,5967919,12.65,5212977,7/13/2022,10/21/2024,32,74000,4,Other,Broker,Referral Drive,10,4,1,Yes,4162363,7.8,15,Swimming Pool,Yes,Semi-Furnished,North-East,Self Funded,Available,
SRP100433,CUST100433,Srijan Courtyard,Apartment,4 BHK,Kolkata,Salt Lake,711101,22.495922,88.294979,775,23,23,7254,5621850,5.94,5287912,4/6/2025,9/16/2027,48,126200,2,Other,Google Ads,Summer Sale,7,6,1,No,0,0,0,Clubhouse,Yes,Unfurnished,North-East,Home Loan,Sold,7
SRP100434,CUST100434,Srijan Meadows,Plot,2 BHK,Kolkata,Ballygunge,700084,22.685802,88.398501,829,11,29,8609,7136861,0,7136861,5/8/2024,9/21/2024,37,72000,5,Government Employee,Facebook,Festive Offer,5,4,2,No,0,0,0,Clubhouse,Yes,Unfurnished,South-East,Home Loan,Sold,17
SRP100435,CUST100435,Srijan Realty Heights,Apartment,2 BHK,Kolkata,Barasat,700052,22.681211,88.288377,847,8,14,6565,5560555,7.96,5117935,10/12/2025,5/6/2026,46,64900,1,Business Owner,Property Portal,Summer Sale,7,4,1,No,0,0,0,"Gym,Pool",Yes,Semi-Furnished,West,Mixed,Negotiation,
SRP100436,CUST100436,Srijan Prime,Plot,3 BHK,Kolkata,Dum Dum,700102,22.637029,88.521975,1266,11,33,7399,9367134,7.72,8643991,2/22/2022,4/7/2023,38,84500,1,Doctor,Walk-in,Referral Drive,8,0,1,Yes,5070000,9.04,30,"Pool,Park",Yes,Semi-Furnished,South-East,Home Loan,Available,
SRP100437,CUST100437,Srijan Urban Vista,Apartment,3 BHK,Kolkata,Salt Lake,700084,22.657491,88.426159,1265,8,32,4487,5676055,1.39,5597158,8/5/2022,10/27/2023,44,62800,4,IT Professional,Facebook,Summer Sale,16,1,1,No,0,0,0,Basic,Yes,Semi-Furnished,North,Mixed,Available,
SRP100438,CUST100438,Srijan Gardenia,Penthouse,2 BHK,Kolkata,Tollygunge,700107,22.52277,88.457446,883,28,28,8073,7128459,4,6843321,2/21/2023,1/10/2024,36,53100,4,Other,Facebook,Summer Sale,7,4,0,Yes,3186000,7.6,20,Gym,Yes,Semi-Furnished,West,Mixed,Available,
SRP100439,CUST100439,Srijan Prime,Apartment,5 BHK,Kolkata,Behala,700019,22.634171,88.268735,1082,23,33,5107,5525774,0,5525774,11/2/2022,3/17/2025,21,96400,1,Teacher,Referral,Festive Offer,7,1,3,Yes,4650631,7.94,20,"Gym,Pool,Clubhouse",Yes,Semi-Furnished,South-East,Self Funded,Sold,56
SRP100440,CUST100440,Srijan Residency,Apartment,4 BHK,Kolkata,Dum Dum,700052,22.50857,88.354005,1479,3,6,5801,8579679,5.78,8083774,10/16/2022,1/27/2024,31,40100,3,Other,Email Campaign,New Year Campaign,6,1,0,Yes,2406000,9.15,20,"Gym,Clubhouse",Yes,Semi-Furnished,East,Home Loan,Available,
SRP100441,CUST100441,Srijan Greenview,Apartment,4 BHK,Kolkata,Ballygunge,700033,22.744463,88.282024,920,13,13,8770,8068400,3.81,7760994,11/20/2023,10/27/2025,44,95000,4,Self Employed,Email Campaign,Digital Awareness,10,2,0,Yes,5700000,9.08,20,Swimming Pool,Yes,Semi-Furnished,South,Mixed,Negotiation,
SRP100442,CUST100442,Srijan Realty Heights,Apartment,5 BHK,Kolkata,Tollygunge,700107,22.749737,88.547067,973,24,24,8207,7985411,3.02,7744252,8/15/2025,8/6/2027,36,98300,5,IT Professional,Instagram,Summer Sale,4,3,0,No,0,0,0,Swimming Pool,Yes,Unfurnished,East,Mixed,Sold,108
SRP100443,CUST100443,Srijan Gardenia,Apartment,3 BHK,Kolkata,Rajarhat,700064,22.542849,88.313532,1322,14,14,6942,9177324,0,9177324,4/6/2025,8/4/2026,42,142900,3,Government Employee,Instagram,Monsoon Offer,5,2,3,No,0,0,0,Clubhouse,Yes,Semi-Furnished,South,Home Loan,Sold,7
SRP100444,CUST100444,Srijan Prime,Apartment,2 BHK,Kolkata,Rajarhat,700064,22.501235,88.361544,1429,20,34,5553,7935237,4.7,7562281,7/15/2025,11/30/2026,39,48600,2,Private Employee,Email Campaign,Referral Drive,8,3,2,No,0,0,0,"Gym,Clubhouse",Yes,Semi-Furnished,South,Home Loan,Sold,26
SRP100445,CUST100445,Srijan Greenview,Apartment,2 BHK,Kolkata,Sonarpur,700064,22.621043,88.330418,1190,14,18,6570,7818300,5.21,7410967,2/20/2023,8/10/2023,39,39700,4,Doctor,Facebook,Referral Drive,6,4,1,Yes,2382000,9.45,15,Swimming Pool,Yes,Semi-Furnished,West,Self Funded,Negotiation,
SRP100446,CUST100446,Srijan Courtyard,Apartment,3 BHK,Kolkata,Behala,700107,22.483574,88.499282,948,9,21,8161,7736628,1.68,7606653,3/6/2023,7/10/2025,47,92300,5,Doctor,Facebook,Digital Awareness,6,0,1,Yes,5035477,9.25,25,Basic,Yes,Semi-Furnished,North,Self Funded,Sold,98
SRP100447,CUST100447,Srijan Realty Heights,Apartment,3 BHK,Kolkata,Barasat,700019,22.463621,88.354305,1767,1,11,9386,16585062,2.64,16147216,12/15/2023,10/31/2024,45,63300,3,Business Owner,Referral,Monsoon Offer,4,2,0,No,0,0,0,Clubhouse,Yes,Fully Furnished,West,Mixed,Negotiation,
SRP100448,CUST100448,Srijan Realty Heights,Apartment,3 BHK,Kolkata,Sonarpur,700033,22.602468,88.531816,1389,16,16,6268,8706252,1.37,8586976,12/21/2022,4/10/2023,21,76300,6,Teacher,Property Portal,Referral Drive,11,5,5,Yes,4202903,7.69,20,Swimming Pool,Yes,Fully Furnished,South-East,Mixed,Available,
SRP100449,CUST100449,Srijan Courtyard,Apartment,2 BHK,Kolkata,Behala,700064,22.537824,88.498524,669,21,30,6838,4574622,8.41,4189896,7/14/2023,10/22/2023,26,65100,2,Teacher,Email Campaign,Summer Sale,6,1,1,Yes,3388797,10.02,15,"Gym,Pool",Yes,Semi-Furnished,South-East,Mixed,Available,
SRP100450,CUST100450,Srijan Urban Vista,Apartment,4 BHK,Kolkata,Barasat,700102,22.542014,88.411981,799,17,30,5217,4168383,8.77,3802816,7/5/2023,8/18/2025,48,76700,4,Teacher,Website,Festive Offer,9,3,3,Yes,2746389,8.82,20,"Gym,Clubhouse",Yes,Unfurnished,East,Mixed,Sold,86
SRP100451,CUST100451,Srijan Courtyard,Plot,4 BHK,Kolkata,Barasat,700019,22.697046,88.291501,994,2,20,8305,8255170,1.12,8162712,8/5/2022,1/14/2023,31,61000,4,IT Professional,Broker,Monsoon Offer,6,3,1,Yes,3660000,9.53,25,"Gym,Pool",Yes,Semi-Furnished,West,Home Loan,Sold,47
SRP100452,CUST100452,Srijan Realty Heights,Apartment,3 BHK,Kolkata,Garia,700033,22.648811,88.433787,603,26,26,7381,4450743,3.15,4310545,11/25/2025,12/26/2026,22,131900,3,IT Professional,Google Ads,Festive Offer,7,5,1,No,0,0,0,Basic,Yes,Unfurnished,West,Self Funded,Available,
SRP100453,CUST100453,Srijan Realty Heights,Villa,3 BHK,Kolkata,Garia,700124,22.686424,88.289494,1726,26,33,9738,16807788,6.26,15755620,2/22/2024,5/19/2026,22,56700,4,Engineer,Property Portal,New Year Campaign,11,2,4,No,0,0,0,Park,Yes,Semi-Furnished,North,Self Funded,Sold,48
SRP100454,CUST100454,Srijan Prime,Apartment,4 BHK,Kolkata,Ballygunge,700052,22.593715,88.323445,1366,17,17,8148,11130168,0,11130168,2/19/2022,8/4/2023,41,103100,4,Teacher,Property Portal,Referral Drive,5,2,0,No,0,0,0,Clubhouse,Yes,Fully Furnished,North-East,Mixed,Available,
SRP100455,CUST100455,Srijan Meadows,Villa,2 BHK,Kolkata,Howrah,700124,22.629129,88.292636,2068,4,28,5365,11094820,4.97,10543407,9/22/2025,7/15/2026,34,77300,3,Government Employee,Google Ads,Monsoon Offer,4,4,3,Yes,4638000,9.63,25,"Gym,Pool",Yes,Fully Furnished,West,Mixed,Sold,7
SRP100456,CUST100456,Srijan Greenview,Apartment,2 BHK,Kolkata,Ballygunge,700064,22.617959,88.418053,1428,29,31,7395,10560060,3.49,10191514,4/3/2022,1/3/2023,52,65600,7,Private Employee,Property Portal,Monsoon Offer,6,2,0,Yes,3936000,7.58,20,Swimming Pool,No,Unfurnished,East,Mixed,Negotiation,
SRP100457,CUST100457,Srijan Courtyard,Plot,3 BHK,Kolkata,Behala,700107,22.640405,88.477232,1272,29,29,5057,6432504,5.52,6077430,2/2/2025,12/8/2026,33,121400,7,Private Employee,Email Campaign,Summer Sale,4,2,3,No,0,0,0,"Gym,Pool",Yes,Semi-Furnished,South-East,Mixed,Sold,51
SRP100458,CUST100458,Srijan Greenview,Apartment,4 BHK,Kolkata,Barasat,700102,22.687576,88.394154,1742,28,28,6121,10662782,0.65,10593474,3/22/2025,3/28/2027,27,49400,1,Self Employed,Referral,Digital Awareness,12,2,2,Yes,2964000,9.17,20,Basic,Yes,Semi-Furnished,West,Home Loan,Sold,61
SRP100459,CUST100459,Srijan Courtyard,Penthouse,2 BHK,Kolkata,Ballygunge,700091,22.738141,88.529325,1437,16,30,11613,16687881,0.27,16642824,1/18/2025,8/9/2026,21,41300,3,Doctor,Facebook,Summer Sale,9,0,2,Yes,2478000,8.61,25,Park,No,Semi-Furnished,North,Mixed,Sold,83
SRP100460,CUST100460,Srijan Residency,Villa,3 BHK,Kolkata,Ballygunge,711101,22.496605,88.333955,1405,16,16,9103,12789715,3.93,12287079,11/23/2025,11/10/2027,28,57500,4,Engineer,Google Ads,Digital Awareness,8,3,1,Yes,3450000,9.93,15,Park,No,Fully Furnished,South-East,Home Loan,Sold,68
SRP100461,CUST100461,Srijan Realty Heights,Plot,3 BHK,Kolkata,Salt Lake,711101,22.663798,88.46952,1643,5,18,5383,8844269,8.37,8104004,6/21/2022,11/19/2023,40,63600,4,Teacher,Google Ads,Festive Offer,9,2,1,Yes,3816000,7.52,25,"Gym,Clubhouse",Yes,Semi-Furnished,North,Mixed,Sold,35
SRP100462,CUST100462,Srijan Meadows,Apartment,3 BHK,Kolkata,Ballygunge,700052,22.561448,88.347117,1354,17,28,6321,8558634,6.15,8032278,2/5/2023,4/4/2024,33,61800,5,Teacher,Referral,Premium Launch,8,2,1,No,0,0,0,Clubhouse,Yes,Fully Furnished,West,Home Loan,Available,
SRP100463,CUST100463,Srijan Prime,Apartment,3 BHK,Kolkata,Salt Lake,700084,22.651266,88.393442,999,17,17,5652,5646348,6.58,5274818,4/21/2023,12/25/2024,37,76100,4,Government Employee,Email Campaign,Premium Launch,6,2,0,No,0,0,0,Park,Yes,Semi-Furnished,South-East,Self Funded,Available,
SRP100464,CUST100464,Srijan Meadows,Apartment,2 BHK,Kolkata,EM Bypass,711101,22.651302,88.363497,461,23,23,6525,3008025,9.29,2728579,3/2/2022,9/2/2022,36,61900,3,Private Employee,Property Portal,Monsoon Offer,10,2,1,No,0,0,0,Gym,Yes,Fully Furnished,West,Self Funded,Sold,123
SRP100465,CUST100465,Srijan Meadows,Apartment,2 BHK,Kolkata,Behala,700052,22.579487,88.497716,999,18,33,6219,6212781,2.6,6051249,2/8/2022,7/10/2023,36,65700,4,Government Employee,Broker,Summer Sale,8,5,1,No,0,0,0,"Pool,Park",Yes,Unfurnished,West,Home Loan,Available,
SRP100466,CUST100466,Srijan Meadows,Apartment,2 BHK,Kolkata,EM Bypass,700064,22.650281,88.263956,1998,10,10,4967,9924066,5.35,9393128,5/10/2023,3/22/2024,42,49000,2,Government Employee,Facebook,Summer Sale,8,1,1,Yes,2940000,8.7,20,"Gym,Pool,Clubhouse",No,Semi-Furnished,North-East,Home Loan,Available,
SRP100467,CUST100467,Srijan Greenview,Villa,3 BHK,Kolkata,New Town,700107,22.732215,88.51176,1150,17,34,6146,7067900,3.38,6829005,4/16/2025,7/4/2027,31,63800,5,IT Professional,Website,Festive Offer,8,4,3,Yes,3828000,10.42,25,Clubhouse,Yes,Semi-Furnished,South-East,Home Loan,Available,
SRP100468,CUST100468,Srijan Courtyard,Villa,3 BHK,Kolkata,Garia,700052,22.512608,88.504476,1408,29,29,6547,9218176,5.75,8688131,7/25/2024,2/11/2026,50,85800,3,IT Professional,Referral,Premium Launch,12,0,3,Yes,5148000,9.19,25,"Gym,Pool,Clubhouse",No,Semi-Furnished,South,Home Loan,Sold,20
SRP100469,CUST100469,Srijan Enclave,Plot,5 BHK,Kolkata,New Town,700102,22.543259,88.325577,1832,16,16,5415,9920280,3.63,9560174,5/20/2022,10/28/2023,36,59200,1,Private Employee,Google Ads,Premium Launch,8,5,1,Yes,3552000,7.59,20,"Gym,Pool",No,Semi-Furnished,South-East,Self Funded,Available,
SRP100470,CUST100470,Srijan Residency,Penthouse,2 BHK,Kolkata,Tollygunge,700102,22.543229,88.33018,1233,26,26,7007,8639631,8.34,7919086,12/10/2023,2/2/2025,21,58800,5,Private Employee,Property Portal,Premium Launch,8,1,0,Yes,3528000,7.71,25,Gym,Yes,Fully Furnished,North-East,Self Funded,Sold,24
SRP100471,CUST100471,Srijan Gardenia,Apartment,3 BHK,Kolkata,Tollygunge,700107,22.480017,88.30883,1434,25,25,8450,12117300,6.75,11299382,4/12/2022,6/1/2023,40,52900,3,Teacher,Walk-in,Festive Offer,5,4,1,Yes,3174000,7.22,15,"Gym,Pool,Clubhouse",No,Semi-Furnished,North-East,Home Loan,Sold,7
SRP100472,CUST100472,Srijan Meadows,Apartment,3 BHK,Kolkata,Dum Dum,700107,22.740226,88.338761,1207,26,26,9533,11506331,7.44,10650260,10/31/2023,9/1/2024,38,77400,4,IT Professional,Website,Festive Offer,9,1,0,No,0,0,0,Park,Yes,Fully Furnished,West,Home Loan,Sold,82
SRP100473,CUST100473,Srijan Urban Vista,Apartment,3 BHK,Kolkata,Sonarpur,700102,22.679741,88.30399,1074,3,31,7278,7816572,1.48,7700887,1/20/2025,11/18/2026,24,67000,1,Government Employee,Instagram,Festive Offer,10,4,2,No,0,0,0,"Pool,Park",Yes,Unfurnished,North-East,Home Loan,Sold,88
SRP100474,CUST100474,Srijan Greenview,Penthouse,2 BHK,Kolkata,Barasat,700033,22.66136,88.544468,1094,8,14,5216,5706304,3.14,5527126,12/26/2024,2/4/2026,34,48000,3,Doctor,Facebook,Summer Sale,8,3,4,Yes,2880000,8.61,25,Clubhouse,Yes,Fully Furnished,South-East,Home Loan,Negotiation,
SRP100475,CUST100475,Srijan Prime,Apartment,1 BHK,Kolkata,Tollygunge,700107,22.456186,88.520866,1342,6,11,7197,9658374,3.15,9354135,4/12/2025,4/29/2027,48,68200,4,Business Owner,Referral,New Year Campaign,8,3,2,No,0,0,0,Clubhouse,Yes,Fully Furnished,South-East,Home Loan,Sold,55
SRP100476,CUST100476,Srijan Gardenia,Apartment,3 BHK,Kolkata,Ballygunge,700019,22.541723,88.302848,1243,20,21,7217,8970731,9.29,8137350,8/11/2024,7/31/2026,25,99700,7,Private Employee,Google Ads,Festive Offer,10,3,1,No,0,0,0,Swimming Pool,Yes,Semi-Furnished,South-East,Home Loan,Negotiation,
SRP100477,CUST100477,Srijan Enclave,Villa,2 BHK,Kolkata,Barasat,700064,22.652043,88.443808,725,17,17,6529,4733525,7.83,4362890,1/26/2023,7/22/2024,25,79000,3,Business Owner,Facebook,Digital Awareness,7,1,0,Yes,2420213,7.85,20,"Pool,Park",Yes,Semi-Furnished,South,Self Funded,Negotiation,
SRP100478,CUST100478,Srijan Urban Vista,Apartment,4 BHK,Kolkata,Behala,700052,22.479915,88.537931,732,14,22,7391,5410212,5.19,5129422,6/1/2024,7/28/2026,31,78700,1,Engineer,Walk-in,Premium Launch,6,1,1,Yes,3455628,9.66,20,Clubhouse,No,Unfurnished,North,Home Loan,Sold,27
SRP100479,CUST100479,Srijan Enclave,Villa,2 BHK,Kolkata,EM Bypass,700064,22.57837,88.30208,547,7,27,4849,2652403,7.02,2466204,1/16/2022,5/18/2023,47,51700,3,Self Employed,Facebook,Monsoon Offer,12,4,1,Yes,1687853,7.92,25,"Gym,Pool,Clubhouse",Yes,Unfurnished,North-East,Home Loan,Sold,32
SRP100480,CUST100480,Srijan Gardenia,Apartment,3 BHK,Kolkata,EM Bypass,700019,22.601588,88.338413,1903,12,24,4703,8949809,9.61,8089732,3/28/2025,2/12/2026,49,26800,1,Doctor,Facebook,Monsoon Offer,6,3,1,Yes,1608000,8.54,20,"Gym,Pool",Yes,Semi-Furnished,East,Home Loan,Available,
SRP100481,CUST100481,Srijan Meadows,Apartment,3 BHK,Kolkata,Salt Lake,700033,22.480043,88.541116,1299,13,13,7314,9500886,7.09,8827273,4/30/2024,8/24/2026,32,68500,4,Government Employee,Walk-in,Referral Drive,11,3,0,Yes,4110000,8.04,20,"Gym,Clubhouse",Yes,Semi-Furnished,South,Mixed,Sold,27
SRP100482,CUST100482,Srijan Urban Vista,Apartment,2 BHK,Kolkata,New Town,700019,22.450755,88.447185,745,6,25,5391,4016295,12.54,3512652,6/18/2024,10/9/2024,28,63800,6,Other,Website,Digital Awareness,4,0,1,Yes,2431965,9.82,20,Basic,Yes,Semi-Furnished,South,Mixed,Available,
SRP100483,CUST100483,Srijan Enclave,Apartment,3 BHK,Kolkata,EM Bypass,700091,22.608087,88.414056,1470,19,30,5629,8274630,3.09,8018944,5/25/2024,4/21/2026,23,49700,5,IT Professional,Instagram,Digital Awareness,6,2,0,No,0,0,0,Park,Yes,Semi-Furnished,South-East,Mixed,Negotiation,
SRP100484,CUST100484,Srijan Prime,Plot,3 BHK,Kolkata,Sonarpur,700084,22.579787,88.309697,959,12,13,7899,7575141,4.17,7259258,6/22/2024,3/2/2026,21,92300,4,Teacher,Facebook,Summer Sale,7,2,1,Yes,5538000,8.93,15,"Gym,Clubhouse",Yes,Unfurnished,West,Self Funded,Available,
SRP100485,CUST100485,Srijan Courtyard,Apartment,3 BHK,Kolkata,Howrah,711101,22.565954,88.409767,935,18,18,4877,4559995,5.63,4303267,1/31/2025,7/10/2025,32,74400,4,Other,Google Ads,Referral Drive,9,1,1,Yes,2377065,10.33,25,"Gym,Pool,Clubhouse",Yes,Fully Furnished,East,Mixed,Sold,22
SRP100486,CUST100486,Srijan Realty Heights,Apartment,5 BHK,Kolkata,Howrah,700107,22.48717,88.339267,450,6,19,5883,2647350,3.91,2543839,4/21/2022,9/5/2024,43,71700,3,Doctor,Email Campaign,Festive Offer,9,4,2,No,0,0,0,"Gym,Pool",Yes,Semi-Furnished,East,Home Loan,Available,
SRP100487,CUST100487,Srijan Courtyard,Apartment,3 BHK,Kolkata,Ballygunge,700084,22.469764,88.510705,1012,28,28,10903,11033836,3.47,10650962,12/12/2024,3/25/2025,32,44500,4,Government Employee,Walk-in,Referral Drive,6,3,1,Yes,2670000,8.47,20,Swimming Pool,No,Semi-Furnished,West,Mixed,Available,
SRP100488,CUST100488,Srijan Gardenia,Penthouse,4 BHK,Kolkata,EM Bypass,700052,22.682604,88.536796,755,30,30,6256,4723280,5.55,4461138,1/24/2022,4/14/2023,23,56900,4,Self Employed,Referral,Monsoon Offer,11,1,0,No,0,0,0,"Gym,Pool,Clubhouse",Yes,Unfurnished,South-East,Home Loan,Sold,34
SRP100489,CUST100489,Srijan Greenview,Penthouse,3 BHK,Kolkata,Howrah,700124,22.515396,88.470837,1274,5,23,5593,7125482,4.61,6796997,12/11/2023,5/6/2024,42,68000,5,Government Employee,Email Campaign,Digital Awareness,6,1,2,Yes,4080000,7.59,30,"Gym,Pool",Yes,Unfurnished,North-East,Mixed,Available,
SRP100490,CUST100490,Srijan Realty Heights,Apartment,3 BHK,Kolkata,Tollygunge,700019,22.698164,88.325178,1411,1,17,6960,9820560,1.26,9696821,1/27/2024,6/20/2024,27,63900,4,Teacher,Referral,Monsoon Offer,5,4,5,Yes,3834000,9.2,20,Gym,No,Semi-Furnished,North-East,Self Funded,Sold,9
SRP100491,CUST100491,Srijan Residency,Penthouse,2 BHK,Kolkata,Sonarpur,700124,22.663942,88.279549,1140,12,28,6695,7632300,6.06,7169783,8/19/2022,11/28/2023,39,70100,4,Private Employee,Instagram,Digital Awareness,10,6,2,No,0,0,0,Park,No,Fully Furnished,South-East,Home Loan,Negotiation,
SRP100492,CUST100492,Srijan Prime,Villa,3 BHK,Kolkata,Ballygunge,700084,22.466471,88.51966,1847,16,25,11218,20719646,6.93,19283775,1/20/2023,8/11/2024,22,87800,7,Other,Broker,Referral Drive,9,4,2,No,0,0,0,Gym,Yes,Semi-Furnished,East,Mixed,Sold,47
SRP100493,CUST100493,Srijan Residency,Apartment,5 BHK,Kolkata,Howrah,700091,22.610052,88.446268,1259,21,21,5671,7139789,0,7139789,12/16/2023,9/22/2025,39,72500,3,IT Professional,Google Ads,Festive Offer,12,4,0,Yes,3751931,9.02,25,Clubhouse,Yes,Semi-Furnished,North,Mixed,Available,
SRP100494,CUST100494,Srijan Urban Vista,Penthouse,2 BHK,Kolkata,Howrah,711101,22.651159,88.41847,1573,17,17,4929,7753317,7.78,7150109,11/7/2024,10/15/2026,46,66500,5,Teacher,Property Portal,New Year Campaign,10,3,0,Yes,3990000,7.83,15,"Gym,Clubhouse",Yes,Unfurnished,North-East,Home Loan,Negotiation,
SRP100495,CUST100495,Srijan Realty Heights,Apartment,2 BHK,Kolkata,Howrah,700052,22.62982,88.36353,1750,24,24,6155,10771250,6.05,10119589,12/10/2024,8/23/2025,46,62500,5,Doctor,Instagram,Premium Launch,11,3,1,Yes,3750000,9.53,20,"Gym,Pool,Clubhouse",Yes,Semi-Furnished,South,Home Loan,Sold,103
SRP100496,CUST100496,Srijan Residency,Apartment,3 BHK,Kolkata,Howrah,700064,22.504147,88.446943,1426,16,16,8810,12563060,4.35,12016567,10/25/2024,7/9/2026,53,46600,3,Other,Broker,Summer Sale,6,6,1,Yes,2796000,8.95,10,Swimming Pool,No,Unfurnished,South,Self Funded,Available,
SRP100497,CUST100497,Srijan Residency,Penthouse,3 BHK,Kolkata,Garia,700124,22.672528,88.372931,973,18,18,6647,6467531,5.87,6087887,5/4/2024,4/18/2025,40,111500,3,Business Owner,Walk-in,New Year Campaign,7,3,2,No,0,0,0,"Gym,Pool,Clubhouse",Yes,Fully Furnished,East,Self Funded,Available,
SRP100498,CUST100498,Srijan Enclave,Apartment,4 BHK,Kolkata,Howrah,700091,22.682111,88.489491,1475,29,29,6934,10227650,3.91,9827749,10/25/2023,2/25/2026,21,91200,4,Teacher,Broker,New Year Campaign,10,3,4,Yes,4949356,7.97,10,Park,No,Unfurnished,North,Self Funded,Sold,69
SRP100499,CUST100499,Srijan Courtyard,Apartment,2 BHK,Kolkata,Rajarhat,700064,22.495964,88.429138,1113,14,14,9487,10559031,4.03,10133502,11/29/2025,11/27/2026,31,85100,3,Self Employed,Website,Summer Sale,3,2,0,Yes,5106000,8.32,15,Gym,No,Unfurnished,North,Self Funded,Available,
SRP100500,CUST100500,Srijan Enclave,Apartment,4 BHK,Kolkata,EM Bypass,700033,22.621848,88.479534,1684,6,16,4728,7961952,0,7961952,5/19/2024,5/17/2026,36,28300,3,Business Owner,Facebook,Digital Awareness,9,1,1,No,0,0,0,"Gym,Pool",Yes,Semi-Furnished,East,Self Funded,Available,
SRP100501,CUST100501,Srijan Realty Heights,Apartment,2 BHK,Kolkata,Behala,700124,22.666336,88.486943,1055,29,34,7833,8263815,4.19,7917561,9/20/2025,6/6/2027,28,88000,2,Business Owner,Walk-in,New Year Campaign,4,0,0,No,0,0,0,Gym,Yes,Unfurnished,South,Self Funded,Sold,140
SRP100502,CUST100502,Srijan Realty Heights,Apartment,2 BHK,Kolkata,Behala,700033,22.455311,88.446335,1645,11,23,5981,9838745,1.16,9724616,3/6/2025,2/4/2027,37,61100,4,Other,Google Ads,Monsoon Offer,5,3,5,Yes,3666000,8.5,20,Basic,No,Semi-Furnished,North,Self Funded,Negotiation,
SRP100503,CUST100503,Srijan Gardenia,Apartment,3 BHK,Kolkata,Sonarpur,700124,22.626107,88.467665,1807,14,14,4550,8221850,4.1,7884754,8/28/2022,4/10/2023,34,143800,2,Private Employee,Property Portal,Festive Offer,4,4,0,Yes,5070843,7.78,20,Basic,Yes,Unfurnished,South,Home Loan,Sold,69
SRP100504,CUST100504,Srijan Enclave,Plot,2 BHK,Kolkata,Rajarhat,700052,22.55593,88.521373,810,7,13,6215,5034150,4.27,4819192,7/7/2024,8/11/2025,35,56700,4,IT Professional,Instagram,Monsoon Offer,7,3,0,Yes,3402000,8.66,15,Swimming Pool,Yes,Fully Furnished,South-East,Home Loan,Available,
SRP100505,CUST100505,Srijan Harmony,Apartment,3 BHK,Kolkata,Rajarhat,700091,22.719224,88.297799,1268,3,16,5421,6873828,3.86,6608498,10/16/2023,7/26/2024,21,81000,3,Self Employed,Property Portal,Monsoon Offer,9,1,1,Yes,4834143,9.08,10,"Gym,Pool",Yes,Semi-Furnished,North-East,Mixed,Negotiation,
SRP100506,CUST100506,Srijan Courtyard,Villa,2 BHK,Kolkata,Rajarhat,700064,22.593624,88.307292,2017,5,29,5778,11654226,5.36,11029559,10/24/2022,12/20/2024,35,83700,4,Engineer,Website,Festive Offer,8,5,0,Yes,5022000,7.25,30,Clubhouse,Yes,Unfurnished,North-East,Mixed,Available,
SRP100507,CUST100507,Srijan Realty Heights,Apartment,4 BHK,Kolkata,Dum Dum,700091,22.522324,88.538078,1592,8,16,7958,12669136,7.75,11687278,7/4/2023,4/16/2025,22,75500,2,Teacher,Walk-in,Digital Awareness,5,8,2,No,0,0,0,Clubhouse,Yes,Semi-Furnished,West,Home Loan,Available,
SRP100508,CUST100508,Srijan Gardenia,Apartment,3 BHK,Kolkata,Rajarhat,700033,22.708216,88.52288,983,11,31,6795,6679485,2.65,6502479,11/11/2024,2/11/2027,22,43600,5,IT Professional,Website,Summer Sale,4,5,2,Yes,2616000,8.58,15,Swimming Pool,Yes,Semi-Furnished,South-East,Home Loan,Available,
SRP100509,CUST100509,Srijan Enclave,Penthouse,3 BHK,Kolkata,Howrah,700107,22.620877,88.377697,1474,5,18,5473,8067202,6.89,7511372,8/5/2023,9/22/2024,34,174700,5,Self Employed,Walk-in,Monsoon Offer,5,3,2,Yes,3860841,9.05,10,Gym,Yes,Semi-Furnished,West,Home Loan,Sold,59
SRP100510,CUST100510,Srijan Courtyard,Apartment,4 BHK,Kolkata,Barasat,700102,22.509844,88.522468,536,24,24,5683,3046088,1.07,3013495,10/18/2025,10/17/2027,58,43100,5,Engineer,Email Campaign,New Year Campaign,4,2,1,Yes,2139284,8.2,15,"Gym,Pool",Yes,Unfurnished,South,Mixed,Sold,71
SRP100511,CUST100511,Srijan Enclave,Apartment,2 BHK,Kolkata,New Town,700019,22.624141,88.288892,1049,28,28,6718,7047182,6.84,6565155,4/22/2024,10/21/2025,45,46800,1,Government Employee,Website,Digital Awareness,4,2,0,No,0,0,0,Basic,Yes,Fully Furnished,South,Self Funded,Available,
SRP100512,CUST100512,Srijan Residency,Apartment,2 BHK,Kolkata,Howrah,700124,22.694602,88.327809,1389,17,17,6691,9293799,4.21,8902530,2/3/2024,4/12/2025,47,93900,2,Doctor,Walk-in,Monsoon Offer,6,3,3,No,0,0,0,"Pool,Park",No,Semi-Furnished,North-East,Home Loan,Sold,34
SRP100513,CUST100513,Srijan Gardenia,Apartment,1 BHK,Kolkata,Howrah,700033,22.563853,88.495909,1335,19,20,8687,11597145,2.76,11277064,6/29/2023,2/11/2025,32,42900,3,Doctor,Facebook,New Year Campaign,8,4,0,Yes,2574000,9.73,30,"Gym,Clubhouse",Yes,Unfurnished,East,Mixed,Sold,22
SRP100514,CUST100514,Srijan Courtyard,Penthouse,1 BHK,Kolkata,Sonarpur,700124,22.674235,88.530813,1117,27,27,4916,5491172,7.83,5061213,12/31/2024,5/7/2026,31,47900,5,IT Professional,Google Ads,Summer Sale,8,1,1,Yes,2874000,9.68,20,Clubhouse,Yes,Fully Furnished,South,Home Loan,Available,
SRP100515,CUST100515,Srijan Meadows,Apartment,3 BHK,Kolkata,New Town,711101,22.574924,88.263828,1284,5,8,8253,10596852,4.56,10113636,3/14/2022,1/28/2024,38,53600,4,Teacher,Instagram,Monsoon Offer,6,1,1,Yes,3216000,9.56,20,Gym,Yes,Semi-Furnished,South,Home Loan,Available,
SRP100516,CUST100516,Srijan Urban Vista,Apartment,2 BHK,Kolkata,EM Bypass,711101,22.644222,88.539998,1990,18,18,4282,8521180,4.91,8102790,12/29/2023,3/12/2025,34,25000,6,Private Employee,Referral,Summer Sale,11,1,1,Yes,1500000,9.14,15,Swimming Pool,No,Semi-Furnished,North,Self Funded,Available,
SRP100517,CUST100517,Srijan Urban Vista,Apartment,3 BHK,Kolkata,Sonarpur,700091,22.541758,88.346651,1499,27,27,7196,10786804,8.17,9905522,10/7/2025,3/26/2027,38,92300,5,Doctor,Instagram,Summer Sale,10,3,0,Yes,5538000,7.4,30,Park,No,Unfurnished,West,Home Loan,Sold,87
SRP100518,CUST100518,Srijan Courtyard,Penthouse,2 BHK,Kolkata,Sonarpur,711101,22.488883,88.338867,959,15,31,8139,7805301,0,7805301,5/3/2023,5/21/2024,24,82200,3,Teacher,Referral,Premium Launch,9,3,0,No,0,0,0,"Gym,Pool",Yes,Fully Furnished,West,Home Loan,Available,
SRP100519,CUST100519,Srijan Enclave,Apartment,5 BHK,Kolkata,Howrah,700107,22.609087,88.365488,882,16,21,9217,8129394,6.36,7612365,8/28/2023,5/15/2024,30,74700,4,Self Employed,Walk-in,New Year Campaign,6,4,2,No,0,0,0,Basic,Yes,Fully Furnished,South,Self Funded,Available,
SRP100520,CUST100520,Srijan Gardenia,Apartment,3 BHK,Kolkata,Howrah,700064,22.461821,88.383072,679,27,27,7406,5028674,9.72,4539887,4/16/2025,2/17/2026,40,80700,4,Business Owner,Website,New Year Campaign,10,0,2,No,0,0,0,"Pool,Park",Yes,Unfurnished,North-East,Self Funded,Available,
SRP100521,CUST100521,Srijan Urban Vista,Villa,3 BHK,Kolkata,Dum Dum,700084,22.499183,88.501972,1828,2,30,6855,12530940,9.47,11344260,5/5/2025,3/17/2026,52,59500,5,Business Owner,Facebook,Summer Sale,6,2,0,Yes,3570000,9.48,20,"Gym,Clubhouse",No,Unfurnished,East,Self Funded,Negotiation,
SRP100522,CUST100522,Srijan Gardenia,Apartment,4 BHK,Kolkata,Ballygunge,700091,22.519169,88.287705,1961,25,31,7767,15231087,1.95,14934081,8/21/2024,1/21/2026,50,107500,4,Business Owner,Email Campaign,Premium Launch,5,4,1,No,0,0,0,Swimming Pool,Yes,Semi-Furnished,East,Home Loan,Negotiation,
SRP100523,CUST100523,Srijan Urban Vista,Apartment,3 BHK,Kolkata,Tollygunge,700019,22.744169,88.325038,1208,3,8,8217,9926136,0,9926136,12/14/2023,3/26/2026,31,92500,2,Other,Website,Referral Drive,4,3,1,Yes,4694380,9.19,25,Swimming Pool,Yes,Fully Furnished,North-East,Mixed,Available,
SRP100524,CUST100524,Srijan Residency,Apartment,2 BHK,Kolkata,Rajarhat,711101,22.644627,88.41186,700,21,27,5301,3710700,3.34,3586763,12/21/2022,3/30/2023,32,133600,5,Private Employee,Walk-in,Summer Sale,6,0,2,Yes,2403864,8.59,15,Gym,No,Fully Furnished,North-East,Mixed,Sold,113
SRP100525,CUST100525,Srijan Enclave,Villa,4 BHK,Kolkata,New Town,700019,22.461516,88.475558,1312,9,11,11010,14445120,0.94,14309336,3/19/2024,10/12/2025,42,31800,2,Engineer,Facebook,Festive Offer,13,3,1,Yes,1908000,7.78,20,"Pool,Park",Yes,Semi-Furnished,South,Mixed,Sold,36
SRP100526,CUST100526,Srijan Residency,Apartment,3 BHK,Kolkata,Ballygunge,700019,22.732032,88.450854,1276,4,28,8364,10672464,6.84,9942467,10/19/2024,3/18/2027,35,68800,4,Business Owner,Website,Referral Drive,10,3,2,Yes,4128000,7.28,10,Clubhouse,No,Semi-Furnished,South-East,Self Funded,Available,
SRP100527,CUST100527,Srijan Urban Vista,Plot,2 BHK,Kolkata,EM Bypass,700107,22.619441,88.274727,1369,27,27,7767,10633023,3.67,10242791,7/29/2024,9/10/2025,33,52300,5,Business Owner,Broker,New Year Campaign,10,3,1,Yes,3138000,7.43,25,Swimming Pool,Yes,Semi-Furnished,North,Home Loan,Negotiation,
SRP100528,CUST100528,Srijan Meadows,Apartment,3 BHK,Kolkata,Howrah,700084,22.749841,88.370842,676,12,18,4122,2786472,0.46,2773654,10/31/2024,12/1/2026,23,45500,4,Engineer,Instagram,Premium Launch,7,3,1,Yes,2197625,9.32,20,"Gym,Clubhouse",Yes,Unfurnished,South,Mixed,Sold,67
SRP100529,CUST100529,Srijan Meadows,Apartment,3 BHK,Kolkata,EM Bypass,700124,22.457328,88.450326,1347,27,27,8248,11110056,5,10554553,3/28/2025,8/30/2025,42,57600,7,Business Owner,Email Campaign,Summer Sale,11,2,0,Yes,3456000,9.17,20,Park,Yes,Fully Furnished,South-East,Mixed,Sold,76
SRP100530,CUST100530,Srijan Residency,Apartment,1 BHK,Kolkata,Tollygunge,700107,22.637428,88.449191,1389,5,10,6665,9257685,4.1,8878120,4/29/2025,6/14/2026,38,121900,1,Self Employed,Instagram,Summer Sale,8,0,0,No,0,0,0,Basic,Yes,Unfurnished,South,Mixed,Sold,99
SRP100531,CUST100531,Srijan Meadows,Apartment,2 BHK,Kolkata,Rajarhat,700064,22.661668,88.465265,1249,25,32,5825,7275425,4.28,6964037,8/2/2024,4/12/2026,21,95300,3,Private Employee,Referral,New Year Campaign,8,4,1,Yes,3721555,8.18,20,Basic,Yes,Semi-Furnished,South-East,Home Loan,Sold,141
SRP100532,CUST100532,Srijan Urban Vista,Apartment,3 BHK,Kolkata,Tollygunge,700064,22.450236,88.526172,851,5,10,7004,5960404,3.94,5725564,11/24/2025,4/1/2027,24,89400,3,Business Owner,Referral,Digital Awareness,12,2,0,No,0,0,0,Park,Yes,Semi-Furnished,North,Home Loan,Sold,71
SRP100533,CUST100533,Srijan Courtyard,Apartment,3 BHK,Kolkata,New Town,700107,22.48231,88.296892,988,15,19,8931,8823828,8.5,8073803,4/26/2023,3/29/2025,47,98300,2,Doctor,Google Ads,Monsoon Offer,10,4,2,Yes,4257152,8.76,10,"Gym,Pool",Yes,Fully Furnished,South-East,Home Loan,Available,
SRP100534,CUST100534,Srijan Residency,Apartment,2 BHK,Kolkata,Howrah,711101,22.649106,88.495555,1078,6,6,7049,7598822,8.74,6934685,6/12/2024,8/3/2025,41,87800,4,Other,Website,New Year Campaign,6,1,0,Yes,4715039,7.91,15,Park,No,Unfurnished,West,Self Funded,Available,
SRP100535,CUST100535,Srijan Greenview,Apartment,4 BHK,Kolkata,Barasat,700052,22.587679,88.307122,1778,27,33,3552,6315456,7.19,5861375,2/10/2023,7/8/2025,41,56400,3,Private Employee,Email Campaign,Monsoon Offer,9,1,2,Yes,3384000,10.29,20,"Gym,Clubhouse",Yes,Semi-Furnished,East,Home Loan,Sold,18
SRP100536,CUST100536,Srijan Enclave,Apartment,3 BHK,Kolkata,Barasat,700052,22.740265,88.390949,935,24,33,5924,5538940,0,5538940,4/16/2023,8/4/2025,34,162400,1,Government Employee,Walk-in,Premium Launch,4,1,2,No,0,0,0,Gym,No,Semi-Furnished,South,Home Loan,Sold,50
SRP100537,CUST100537,Srijan Meadows,Apartment,2 BHK,Kolkata,Ballygunge,700091,22.728701,88.503394,964,12,15,10671,10286844,5.44,9727240,9/7/2022,4/15/2023,38,55500,4,Business Owner,Google Ads,Monsoon Offer,8,3,3,Yes,3330000,7.2,20,Park,Yes,Semi-Furnished,North-East,Home Loan,Available,
SRP100538,CUST100538,Srijan Meadows,Apartment,3 BHK,Kolkata,Sonarpur,700091,22.635293,88.472229,1278,7,19,6974,8912772,4.49,8512589,6/30/2025,3/26/2027,21,65000,2,Doctor,Walk-in,Premium Launch,8,2,2,Yes,3900000,8.93,20,"Gym,Pool",Yes,Semi-Furnished,West,Home Loan,Sold,53
SRP100539,CUST100539,Srijan Realty Heights,Apartment,3 BHK,Kolkata,Howrah,700084,22.720717,88.549583,1157,16,19,6539,7565623,3.99,7263755,12/18/2023,9/5/2024,45,41100,5,IT Professional,Property Portal,Festive Offer,6,1,1,Yes,2466000,9.11,15,"Gym,Pool,Clubhouse",Yes,Semi-Furnished,North-East,Home Loan,Sold,37
SRP100540,CUST100540,Srijan Harmony,Penthouse,2 BHK,Kolkata,Tollygunge,700084,22.542191,88.505622,450,2,25,8051,3622950,5.08,3438904,9/6/2024,1/21/2027,38,37100,2,Government Employee,Instagram,Festive Offer,7,7,2,Yes,2043164,8.69,10,"Gym,Pool",Yes,Semi-Furnished,North,Mixed,Available,
SRP100541,CUST100541,Srijan Residency,Apartment,3 BHK,Kolkata,Dum Dum,700124,22.473612,88.41655,1062,29,29,5137,5455494,5.59,5150532,12/16/2025,9/13/2026,50,73600,1,Engineer,Website,Festive Offer,8,3,1,No,0,0,0,Gym,No,Unfurnished,South-East,Mixed,Sold,7
SRP100542,CUST100542,Srijan Prime,Apartment,3 BHK,Kolkata,Ballygunge,700091,22.586719,88.484515,1068,29,34,9996,10675728,9.12,9702102,7/7/2024,1/6/2025,33,87100,3,Teacher,Property Portal,Monsoon Offer,4,3,2,Yes,5226000,7.8,20,"Gym,Pool,Clubhouse",Yes,Fully Furnished,North-East,Self Funded,Available,
SRP100543,CUST100543,Srijan Meadows,Apartment,1 BHK,Kolkata,Barasat,700033,22.508011,88.402461,1315,9,9,5957,7833455,8.34,7180145,3/14/2025,10/31/2026,37,77600,4,Business Owner,Walk-in,Festive Offer,10,1,0,Yes,4041246,8.85,15,Gym,Yes,Semi-Furnished,East,Mixed,Available,
SRP100544,CUST100544,Srijan Enclave,Penthouse,4 BHK,Kolkata,Behala,700084,22.67529,88.382853,895,25,25,6445,5768275,4.17,5527738,9/20/2022,8/15/2024,39,96000,3,Engineer,Email Campaign,Referral Drive,7,1,0,No,0,0,0,Gym,Yes,Semi-Furnished,South-East,Home Loan,Available,
SRP100545,CUST100545,Srijan Greenview,Apartment,4 BHK,Kolkata,Barasat,700084,22.736644,88.505463,1365,27,31,6202,8465730,5.07,8036517,8/24/2025,4/23/2026,37,53300,3,Engineer,Broker,Monsoon Offer,13,2,1,Yes,3198000,9.95,20,"Gym,Pool",No,Semi-Furnished,South,Home Loan,Available,
SRP100546,CUST100546,Srijan Meadows,Apartment,2 BHK,Kolkata,Dum Dum,700084,22.749103,88.349816,1589,9,13,5036,8002204,7.51,7401238,3/24/2025,3/6/2026,40,56900,3,Doctor,Broker,Summer Sale,5,6,0,Yes,3414000,9.43,15,Gym,No,Unfurnished,North,Mixed,Sold,86
SRP100547,CUST100547,Srijan Greenview,Villa,2 BHK,Kolkata,Howrah,711101,22.733485,88.261873,1173,13,20,8210,9630330,5.34,9116070,6/30/2024,10/17/2025,47,125300,3,Teacher,Property Portal,Premium Launch,11,1,3,No,0,0,0,"Gym,Clubhouse",Yes,Semi-Furnished,North-East,Mixed,Sold,25
SRP100548,CUST100548,Srijan Urban Vista,Apartment,3 BHK,Kolkata,EM Bypass,700107,22.559508,88.514736,1481,27,27,8055,11929455,1.46,11755285,5/23/2022,8/11/2023,47,89600,3,IT Professional,Google Ads,Digital Awareness,9,3,0,No,0,0,0,"Gym,Pool",No,Semi-Furnished,North,Mixed,Available,
SRP100549,CUST100549,Srijan Urban Vista,Apartment,3 BHK,Kolkata,Barasat,700102,22.709552,88.538582,1327,12,12,6345,8419815,1.83,8265732,12/13/2025,12/5/2027,40,46600,2,Government Employee,Website,Monsoon Offer,7,1,2,No,0,0,0,Park,Yes,Unfurnished,South-East,Home Loan,Sold,7
SRP100550,CUST100550,Srijan Harmony,Apartment,3 BHK,Kolkata,EM Bypass,700064,22.668181,88.43111,638,16,16,6263,3995794,2.82,3883113,7/23/2023,11/18/2023,34,87600,2,Business Owner,Email Campaign,Premium Launch,8,2,0,Yes,2762967,7.77,25,"Gym,Pool,Clubhouse",Yes,Semi-Furnished,West,Home Loan,Available,
SRP100551,CUST100551,Srijan Courtyard,Apartment,3 BHK,Kolkata,Garia,700102,22.48444,88.382521,686,28,28,4565,3131590,6.56,2926158,11/7/2024,3/26/2027,21,119900,4,Doctor,Broker,New Year Campaign,6,2,2,Yes,2177323,8.07,15,"Gym,Pool,Clubhouse",Yes,Unfurnished,West,Home Loan,Available,
SRP100552,CUST100552,Srijan Prime,Apartment,2 BHK,Kolkata,Tollygunge,700124,22.541658,88.314885,1782,23,29,6388,11383416,4.37,10885961,9/26/2023,11/8/2025,40,151000,2,Business Owner,Website,Summer Sale,10,6,2,No,0,0,0,"Pool,Park",Yes,Semi-Furnished,East,Self Funded,Available,
SRP100553,CUST100553,Srijan Realty Heights,Apartment,4 BHK,Kolkata,EM Bypass,700064,22.527572,88.516902,1101,9,23,5861,6452961,2.63,6283248,10/25/2025,2/7/2026,53,36700,4,Private Employee,Broker,Premium Launch,13,3,0,Yes,2202000,9.02,25,Gym,Yes,Unfurnished,West,Mixed,Available,
SRP100554,CUST100554,Srijan Harmony,Villa,3 BHK,Kolkata,New Town,700033,22.71143,88.254231,1711,3,21,8943,15301473,5.17,14510387,8/17/2024,9/3/2025,29,87600,3,Other,Website,Digital Awareness,9,3,0,No,0,0,0,Swimming Pool,No,Unfurnished,East,Mixed,Sold,34
SRP100555,CUST100555,Srijan Gardenia,Apartment,2 BHK,Kolkata,New Town,700019,22.47749,88.436847,1631,14,17,6584,10738504,7.87,9893384,12/12/2024,4/30/2027,25,93300,2,Doctor,Email Campaign,Digital Awareness,10,7,2,Yes,5514641,10.01,15,"Gym,Pool,Clubhouse",No,Semi-Furnished,East,Home Loan,Available,
SRP100556,CUST100556,Srijan Realty Heights,Villa,2 BHK,Kolkata,EM Bypass,700052,22.573479,88.416661,2228,30,30,5681,12657268,11.19,11240920,11/29/2025,9/11/2027,33,63700,1,Private Employee,Google Ads,Digital Awareness,5,1,2,Yes,3822000,7.85,20,"Gym,Pool",Yes,Semi-Furnished,South,Home Loan,Sold,61
SRP100557,CUST100557,Srijan Residency,Penthouse,2 BHK,Kolkata,Barasat,700064,22.719815,88.537103,776,19,19,7190,5579440,9.31,5059994,11/13/2024,12/25/2025,37,26000,3,IT Professional,Walk-in,Premium Launch,10,0,3,Yes,1560000,9.14,25,"Gym,Pool,Clubhouse",No,Fully Furnished,South-East,Home Loan,Available,
SRP100558,CUST100558,Srijan Enclave,Apartment,2 BHK,Kolkata,Dum Dum,700084,22.516244,88.38697,1667,9,10,4166,6944722,4.67,6620403,6/7/2024,8/17/2026,36,154200,4,Government Employee,Referral,Premium Launch,12,3,2,No,0,0,0,Gym,No,Unfurnished,North-East,Self Funded,Negotiation,
SRP100559,CUST100559,Srijan Gardenia,Apartment,3 BHK,Kolkata,Dum Dum,700033,22.600751,88.405716,666,23,26,6904,4598064,0,4598064,4/14/2024,7/30/2024,40,87000,4,Self Employed,Email Campaign,Summer Sale,5,2,0,No,0,0,0,"Gym,Pool,Clubhouse",Yes,Semi-Furnished,North-East,Home Loan,Available,
SRP100560,CUST100560,Srijan Gardenia,Apartment,2 BHK,Kolkata,Garia,711101,22.63751,88.288521,1773,4,31,8686,15400278,6.15,14453161,8/29/2025,12/8/2025,49,76200,4,IT Professional,Facebook,Premium Launch,4,1,0,No,0,0,0,Gym,Yes,Semi-Furnished,East,Home Loan,Sold,84
SRP100561,CUST100561,Srijan Harmony,Apartment,3 BHK,Kolkata,EM Bypass,700102,22.61423,88.411473,1330,11,24,6661,8859130,3.82,8520711,8/13/2023,4/10/2025,43,67500,5,Engineer,Google Ads,New Year Campaign,5,0,4,No,0,0,0,Park,No,Semi-Furnished,North-East,Mixed,Available,
SRP100562,CUST100562,Srijan Courtyard,Apartment,2 BHK,Kolkata,Garia,700033,22.553121,88.43361,2402,3,5,6633,15932466,4.54,15209132,9/1/2022,5/11/2023,37,64600,4,Private Employee,Facebook,Referral Drive,8,4,2,Yes,3876000,8.25,20,"Gym,Pool",Yes,Fully Furnished,South,Home Loan,Sold,15
SRP100563,CUST100563,Srijan Harmony,Apartment,2 BHK,Kolkata,Howrah,700107,22.715282,88.429298,967,30,30,8389,8112163,11.22,7201978,7/3/2024,6/7/2026,34,56600,3,Teacher,Facebook,Digital Awareness,9,4,1,Yes,3396000,8.74,10,Swimming Pool,No,Semi-Furnished,North,Home Loan,Available,
SRP100564,CUST100564,Srijan Residency,Apartment,2 BHK,Kolkata,Dum Dum,700084,22.611825,88.3231,1427,27,28,6103,8708981,8.27,7988748,12/6/2023,7/22/2024,54,77700,3,Doctor,Property Portal,Premium Launch,7,2,1,No,0,0,0,Swimming Pool,Yes,Unfurnished,West,Self Funded,Sold,86
SRP100565,CUST100565,Srijan Meadows,Plot,3 BHK,Kolkata,Tollygunge,700091,22.712138,88.522154,1915,6,23,7112,13619480,10.91,12133595,2/12/2023,2/2/2024,30,37900,4,Engineer,Broker,Festive Offer,9,0,0,Yes,2274000,7.24,20,Park,Yes,Unfurnished,North,Home Loan,Available,
SRP100566,CUST100566,Srijan Meadows,Apartment,3 BHK,Kolkata,Salt Lake,711101,22.465391,88.329605,1443,12,25,5737,8278491,5.02,7862911,10/23/2024,11/4/2025,39,71600,4,Business Owner,Facebook,Premium Launch,10,4,1,Yes,4296000,8.6,20,"Gym,Pool,Clubhouse",Yes,Semi-Furnished,West,Mixed,Sold,95
SRP100567,CUST100567,Srijan Courtyard,Apartment,2 BHK,Kolkata,New Town,700052,22.665823,88.382268,1569,13,31,7006,10992414,2.27,10742886,9/19/2022,8/10/2023,45,82100,2,Teacher,Instagram,Referral Drive,5,4,0,No,0,0,0,Clubhouse,Yes,Semi-Furnished,North-East,Mixed,Available,
SRP100568,CUST100568,Srijan Residency,Apartment,2 BHK,Kolkata,EM Bypass,700091,22.464137,88.361254,837,4,31,6019,5037903,8.37,4616231,8/26/2023,3/12/2024,41,39100,1,Self Employed,Walk-in,Monsoon Offer,6,4,1,Yes,2346000,8.92,15,"Gym,Pool,Clubhouse",Yes,Semi-Furnished,South-East,Home Loan,Sold,95
SRP100569,CUST100569,Srijan Courtyard,Plot,3 BHK,Kolkata,Sonarpur,700084,22.483907,88.360282,695,1,32,4614,3206730,6.78,2989314,5/17/2022,7/7/2024,37,41400,7,Engineer,Google Ads,Referral Drive,9,5,0,No,0,0,0,Park,Yes,Semi-Furnished,East,Home Loan,Available,
SRP100570,CUST100570,Srijan Greenview,Apartment,3 BHK,Kolkata,Howrah,700107,22.610422,88.368826,856,7,11,6992,5985152,3.2,5793627,11/29/2022,8/2/2023,39,47100,2,Doctor,Referral,Festive Offer,11,2,0,Yes,2826000,9.71,25,Basic,Yes,Semi-Furnished,South-East,Mixed,Available,
SRP100571,CUST100571,Srijan Meadows,Apartment,3 BHK,Kolkata,Barasat,700064,22.451198,88.508562,1322,4,8,5972,7894984,2.48,7699188,10/5/2025,6/2/2026,30,63500,4,Self Employed,Email Campaign,Digital Awareness,7,7,2,Yes,3810000,9.05,15,Park,Yes,Unfurnished,South,Self Funded,Sold,30
SRP100572,CUST100572,Srijan Gardenia,Villa,3 BHK,Kolkata,EM Bypass,700033,22.541103,88.549038,1796,11,32,7077,12710292,3.94,12209506,2/4/2022,8/22/2022,52,69500,4,Private Employee,Broker,Festive Offer,2,0,1,Yes,4170000,9.88,10,Gym,No,Unfurnished,South,Self Funded,Negotiation,
SRP100573,CUST100573,Srijan Prime,Apartment,2 BHK,Kolkata,Howrah,711101,22.492636,88.45746,1047,12,33,5647,5912409,5.64,5578949,2/3/2024,5/7/2025,39,73400,4,Teacher,Property Portal,Summer Sale,11,5,0,Yes,4044401,9.7,20,Clubhouse,No,Fully Furnished,East,Mixed,Negotiation,
SRP100574,CUST100574,Srijan Enclave,Apartment,3 BHK,Kolkata,Barasat,700084,22.602354,88.333524,793,21,27,8033,6370169,2.15,6233210,5/13/2025,8/18/2025,54,118800,3,Private Employee,Email Campaign,New Year Campaign,6,2,2,Yes,4389458,9.9,20,Clubhouse,Yes,Semi-Furnished,West,Home Loan,Sold,50
SRP100575,CUST100575,Srijan Residency,Apartment,1 BHK,Kolkata,Tollygunge,700107,22.638578,88.452157,1312,8,8,6223,8164576,0.84,8095994,1/27/2025,8/10/2026,38,46000,6,IT Professional,Property Portal,Referral Drive,11,3,1,Yes,2760000,8.82,25,Gym,Yes,Unfurnished,North-East,Home Loan,Available,
SRP100576,CUST100576,Srijan Realty Heights,Penthouse,3 BHK,Kolkata,Salt Lake,700019,22.710915,88.471853,1176,27,34,4062,4776912,4.78,4548576,8/25/2024,7/14/2026,40,40500,2,IT Professional,Walk-in,Festive Offer,10,3,0,No,0,0,0,Park,Yes,Unfurnished,East,Self Funded,Sold,76
SRP100577,CUST100577,Srijan Courtyard,Apartment,2 BHK,Kolkata,Behala,700033,22.505091,88.505136,1787,19,19,4751,8490037,4.97,8068082,4/12/2024,7/27/2025,41,89700,4,Business Owner,Walk-in,Referral Drive,4,8,0,No,0,0,0,Park,No,Unfurnished,East,Home Loan,Available,
SRP100578,CUST100578,Srijan Enclave,Apartment,4 BHK,Kolkata,Howrah,711101,22.749196,88.285092,1266,6,33,5367,6794622,1.22,6711728,11/25/2025,1/25/2027,21,46200,4,Teacher,Email Campaign,Digital Awareness,4,2,2,Yes,2772000,9.17,15,"Gym,Clubhouse",Yes,Unfurnished,North,Self Funded,Sold,65
SRP100579,CUST100579,Srijan Realty Heights,Apartment,3 BHK,Kolkata,Dum Dum,700091,22.531874,88.351886,1344,29,29,5197,6984768,4.7,6656484,11/2/2022,3/23/2025,37,83900,1,Self Employed,Email Campaign,Festive Offer,6,1,1,Yes,3796246,9.52,20,Basic,Yes,Semi-Furnished,East,Home Loan,Sold,68
SRP100580,CUST100580,Srijan Enclave,Plot,2 BHK,Kolkata,Salt Lake,700064,22.503227,88.260188,1893,29,29,5873,11117589,3.07,10776279,1/27/2023,5/1/2024,31,55700,5,Doctor,Website,Referral Drive,12,1,1,Yes,3342000,8.46,15,Park,No,Fully Furnished,South-East,Mixed,Available,
SRP100581,CUST100581,Srijan Prime,Apartment,3 BHK,Kolkata,EM Bypass,700102,22.524409,88.493756,942,15,32,5259,4953978,0,4953978,12/8/2025,6/28/2026,28,70400,3,Engineer,Facebook,Festive Offer,5,0,1,No,0,0,0,Gym,No,Unfurnished,North,Self Funded,Available,
SRP100582,CUST100582,Srijan Realty Heights,Apartment,4 BHK,Kolkata,EM Bypass,700102,22.596735,88.311666,1409,11,30,5581,7863629,6.33,7365861,7/23/2025,1/12/2026,55,71100,4,Government Employee,Instagram,Festive Offer,9,2,4,No,0,0,0,"Gym,Clubhouse",No,Fully Furnished,North,Mixed,Sold,52
SRP100583,CUST100583,Srijan Harmony,Penthouse,4 BHK,Kolkata,Rajarhat,700019,22.593102,88.43996,1039,22,22,8542,8875138,2.78,8628409,3/25/2022,5/19/2023,26,84400,4,Engineer,Google Ads,Festive Offer,10,2,0,Yes,5064000,8.77,20,"Pool,Park",No,Unfurnished,South-East,Self Funded,Negotiation,
SRP100584,CUST100584,Srijan Urban Vista,Apartment,5 BHK,Kolkata,Ballygunge,700084,22.655512,88.336745,795,30,30,8274,6577830,6.62,6142378,8/2/2025,9/21/2026,43,70100,6,Government Employee,Website,Premium Launch,6,2,3,No,0,0,0,Swimming Pool,No,Semi-Furnished,North,Home Loan,Sold,60
SRP100585,CUST100585,Srijan Harmony,Apartment,2 BHK,Kolkata,Tollygunge,700102,22.519973,88.544072,864,12,15,7384,6379776,3.01,6187745,10/15/2022,3/25/2024,42,95500,3,Self Employed,Google Ads,Summer Sale,7,5,2,Yes,3670117,9.71,20,Clubhouse,Yes,Fully Furnished,South,Home Loan,Sold,105
SRP100586,CUST100586,Srijan Meadows,Apartment,1 BHK,Kolkata,Ballygunge,700091,22.600125,88.330918,450,22,33,9308,4188600,3.91,4024826,10/5/2022,12/12/2024,25,91700,6,Government Employee,Instagram,New Year Campaign,12,3,0,Yes,2283494,7.73,10,Park,Yes,Unfurnished,South-East,Self Funded,Negotiation,
SRP100587,CUST100587,Srijan Urban Vista,Plot,5 BHK,Kolkata,Salt Lake,700102,22.491666,88.471289,1247,27,28,6750,8417250,6.44,7875179,12/26/2023,2/4/2026,44,33500,4,Other,Walk-in,Digital Awareness,4,1,1,Yes,2010000,8.53,10,Gym,Yes,Semi-Furnished,West,Home Loan,Available,
SRP100588,CUST100588,Srijan Harmony,Apartment,2 BHK,Kolkata,Garia,711101,22.747442,88.386329,1504,11,18,4997,7515488,5.32,7115664,6/4/2023,5/13/2025,42,154800,4,Self Employed,Broker,Referral Drive,4,5,3,No,0,0,0,Swimming Pool,No,Semi-Furnished,East,Self Funded,Available,
SRP100589,CUST100589,Srijan Urban Vista,Apartment,3 BHK,Kolkata,Garia,700033,22.705778,88.308219,931,29,29,6423,5979813,4.4,5716701,11/26/2024,12/27/2026,40,138200,2,Government Employee,Email Campaign,New Year Campaign,6,0,3,Yes,2642338,10.47,20,"Gym,Pool,Clubhouse",Yes,Unfurnished,East,Home Loan,Negotiation,
SRP100590,CUST100590,Srijan Urban Vista,Apartment,3 BHK,Kolkata,Tollygunge,700064,22.467916,88.329674,859,1,6,6267,5383353,5.59,5082424,12/26/2023,10/28/2025,27,53800,5,Private Employee,Walk-in,Festive Offer,5,1,1,No,0,0,0,Swimming Pool,Yes,Unfurnished,South,Mixed,Available,
SRP100591,CUST100591,Srijan Gardenia,Plot,2 BHK,Kolkata,Tollygunge,700124,22.672873,88.368394,1596,20,20,6117,9762732,2.94,9475708,2/6/2024,2/15/2026,42,57600,4,Engineer,Instagram,Festive Offer,3,3,1,No,0,0,0,"Gym,Clubhouse",No,Semi-Furnished,North,Self Funded,Available,
SRP100592,CUST100592,Srijan Courtyard,Apartment,4 BHK,Kolkata,Rajarhat,700102,22.492736,88.250443,1295,2,26,6891,8923845,3.86,8579385,9/12/2024,6/9/2026,21,40400,3,Doctor,Walk-in,Digital Awareness,9,0,3,Yes,2424000,9.99,25,"Gym,Clubhouse",Yes,Unfurnished,North-East,Home Loan,Available,
SRP100593,CUST100593,Srijan Courtyard,Apartment,3 BHK,Kolkata,EM Bypass,711101,22.727521,88.314116,1187,12,28,6031,7158797,0.62,7114412,10/28/2024,8/29/2025,41,95000,2,Doctor,Website,Summer Sale,10,4,2,No,0,0,0,Clubhouse,Yes,Unfurnished,West,Mixed,Available,
SRP100594,CUST100594,Srijan Gardenia,Plot,4 BHK,Kolkata,Rajarhat,700102,22.615679,88.437684,823,23,33,5673,4668879,2.08,4571766,11/2/2022,3/22/2023,36,44300,4,Private Employee,Email Campaign,Referral Drive,3,0,4,Yes,2460096,8.53,30,Basic,Yes,Unfurnished,North,Mixed,Sold,38
SRP100595,CUST100595,Srijan Enclave,Apartment,3 BHK,Kolkata,Rajarhat,700084,22.492606,88.516181,909,8,28,5571,5064039,9.25,4595615,11/10/2025,9/6/2027,25,135600,4,Teacher,Referral,Premium Launch,8,3,1,Yes,2638560,8.41,10,Gym,No,Semi-Furnished,North,Mixed,Available,
SRP100596,CUST100596,Srijan Greenview,Apartment,3 BHK,Kolkata,Dum Dum,700064,22.463689,88.473796,1133,2,9,5531,6266623,3.25,6062958,3/31/2022,6/13/2024,57,66700,3,Doctor,Property Portal,Referral Drive,5,1,2,Yes,3749505,8.7,15,Gym,No,Semi-Furnished,West,Home Loan,Available,
SRP100597,CUST100597,Srijan Enclave,Apartment,2 BHK,Kolkata,Howrah,700052,22.619584,88.459474,813,27,27,5476,4451988,2.52,4339798,2/8/2025,7/23/2026,50,128800,5,Self Employed,Referral,Festive Offer,8,6,0,Yes,2761237,8.26,20,"Pool,Park",No,Unfurnished,East,Mixed,Sold,63
SRP100598,CUST100598,Srijan Realty Heights,Villa,3 BHK,Kolkata,New Town,700064,22.639562,88.468377,1188,30,30,5723,6798924,2.62,6620792,11/21/2024,8/4/2025,42,103300,3,Doctor,Google Ads,Festive Offer,4,0,5,Yes,3995961,7.87,20,Clubhouse,Yes,Semi-Furnished,East,Self Funded,Sold,17
SRP100599,CUST100599,Srijan Realty Heights,Villa,3 BHK,Kolkata,Howrah,700052,22.543775,88.318099,1078,29,29,8605,9276190,6.54,8669527,12/21/2025,10/28/2027,48,29100,4,Private Employee,Instagram,Summer Sale,8,1,1,Yes,1746000,9.62,20,"Pool,Park",No,Semi-Furnished,North,Mixed,Sold,57
SRP100600,CUST100600,Srijan Urban Vista,Apartment,3 BHK,Kolkata,Rajarhat,700102,22.552289,88.407049,1055,27,28,7767,8194185,0,8194185,4/3/2023,3/11/2024,44,88700,5,Teacher,Website,Summer Sale,3,1,1,No,0,0,0,Basic,Yes,Unfurnished,East,Home Loan,Sold,95
SRP100601,CUST100601,Srijan Harmony,Penthouse,2 BHK,Kolkata,Howrah,700064,22.564089,88.260288,1120,2,14,6843,7664160,4.76,7299346,8/3/2024,3/9/2025,44,61900,3,Business Owner,Google Ads,Monsoon Offer,11,3,0,Yes,3714000,8.42,20,"Gym,Pool,Clubhouse",Yes,Semi-Furnished,South-East,Home Loan,Available,
SRP100602,CUST100602,Srijan Harmony,Apartment,1 BHK,Kolkata,Rajarhat,700064,22.640566,88.367216,986,20,29,7910,7799260,8.32,7150362,6/17/2023,4/15/2025,28,83300,4,Teacher,Broker,Premium Launch,9,4,0,Yes,4998000,10.3,20,"Gym,Pool,Clubhouse",Yes,Semi-Furnished,South,Self Funded,Negotiation,
SRP100603,CUST100603,Srijan Courtyard,Apartment,2 BHK,Kolkata,Barasat,711101,22.522206,88.34944,825,27,33,6812,5619900,9.15,5105679,4/26/2023,11/8/2024,36,34200,2,Government Employee,Website,Referral Drive,2,5,0,Yes,2052000,9.82,25,"Pool,Park",Yes,Semi-Furnished,West,Self Funded,Available,
SRP100604,CUST100604,Srijan Residency,Apartment,2 BHK,Kolkata,Barasat,700102,22.500686,88.480446,814,4,30,6203,5049242,8.15,4637729,5/1/2023,6/11/2025,36,58200,3,Other,Broker,New Year Campaign,8,2,2,Yes,2679240,8.86,15,"Gym,Pool",No,Semi-Furnished,North-East,Mixed,Sold,13
SRP100605,CUST100605,Srijan Enclave,Plot,4 BHK,Kolkata,Dum Dum,700052,22.52791,88.303535,1174,7,9,5562,6529788,5.28,6185015,4/12/2024,2/14/2026,35,66700,5,Teacher,Website,Festive Offer,12,2,0,No,0,0,0,"Pool,Park",Yes,Semi-Furnished,East,Mixed,Available,
SRP100606,CUST100606,Srijan Meadows,Apartment,1 BHK,Kolkata,Rajarhat,700033,22.590605,88.497605,1408,18,18,7545,10623360,7.36,9841481,9/28/2025,9/16/2027,33,92200,4,Private Employee,Property Portal,Digital Awareness,8,3,2,Yes,5532000,9.28,30,Basic,Yes,Semi-Furnished,North,Home Loan,Available,
SRP100607,CUST100607,Srijan Prime,Apartment,2 BHK,Kolkata,Dum Dum,700064,22.47709,88.50862,984,25,25,6214,6114576,5.32,5789281,5/12/2025,6/5/2026,21,142700,2,Teacher,Property Portal,Premium Launch,5,1,1,Yes,2820969,9.17,20,"Gym,Pool",Yes,Semi-Furnished,South-East,Mixed,Available,
SRP100608,CUST100608,Srijan Harmony,Apartment,2 BHK,Kolkata,Rajarhat,700052,22.71786,88.405789,1321,23,23,5916,7815036,4.41,7470393,11/23/2022,6/27/2024,27,139300,2,Doctor,Walk-in,Referral Drive,5,1,1,Yes,3947480,9.73,20,Gym,No,Semi-Furnished,West,Home Loan,Available,
SRP100609,CUST100609,Srijan Prime,Apartment,2 BHK,Kolkata,Dum Dum,700052,22.628427,88.269787,1465,16,16,5256,7700040,1.15,7611490,3/15/2023,5/11/2024,41,178700,2,Teacher,Website,Monsoon Offer,8,5,1,Yes,3996632,8.96,20,Park,Yes,Semi-Furnished,North-East,Mixed,Sold,48
SRP100610,CUST100610,Srijan Urban Vista,Apartment,3 BHK,Kolkata,New Town,700091,22.461965,88.413886,972,26,27,6657,6470604,1.97,6343133,8/28/2022,8/18/2023,43,66600,4,Other,Property Portal,Referral Drive,12,0,2,Yes,3676574,8.98,20,Swimming Pool,Yes,Semi-Furnished,East,Mixed,Sold,16
SRP100611,CUST100611,Srijan Prime,Penthouse,3 BHK,Kolkata,Tollygunge,700107,22.6448,88.314106,1697,13,24,7183,12189551,7.54,11270459,12/11/2023,9/13/2025,39,109800,3,IT Professional,Broker,Summer Sale,9,1,1,No,0,0,0,Clubhouse,Yes,Unfurnished,North,Self Funded,Negotiation,
SRP100612,CUST100612,Srijan Meadows,Apartment,2 BHK,Kolkata,Garia,700124,22.468955,88.383977,1224,5,18,7313,8951112,0.12,8940371,10/2/2022,10/19/2024,44,83000,5,IT Professional,Broker,Festive Offer,7,3,1,Yes,4155453,7.92,15,Swimming Pool,Yes,Semi-Furnished,North-East,Mixed,Sold,60
SRP100613,CUST100613,Srijan Gardenia,Apartment,2 BHK,Kolkata,Dum Dum,711101,22.684947,88.4793,1247,4,28,6523,8134181,0.8,8069108,1/5/2025,11/24/2025,41,78400,3,Other,Referral,Festive Offer,9,2,1,Yes,4016398,9.85,20,Gym,Yes,Fully Furnished,West,Home Loan,Available,
SRP100614,CUST100614,Srijan Meadows,Apartment,2 BHK,Kolkata,Ballygunge,700033,22.474448,88.513962,1165,16,20,6820,7945300,7.05,7385156,6/3/2025,8/17/2027,44,136000,1,Teacher,Facebook,Digital Awareness,5,1,1,Yes,4315000,10.3,20,"Gym,Clubhouse",No,Unfurnished,South,Home Loan,Negotiation,
SRP100615,CUST100615,Srijan Prime,Apartment,2 BHK,Kolkata,Behala,700107,22.728691,88.314739,1355,25,25,8131,11017505,7.09,10236364,6/15/2023,7/7/2024,21,69400,6,Other,Google Ads,Premium Launch,5,3,0,Yes,4164000,9.21,25,Basic,Yes,Unfurnished,East,Home Loan,Negotiation,
SRP100616,CUST100616,Srijan Meadows,Penthouse,2 BHK,Kolkata,Dum Dum,700124,22.597872,88.534498,1648,6,25,7767,12800016,9.18,11624975,1/9/2024,4/10/2026,43,28100,2,Engineer,Instagram,Monsoon Offer,14,1,2,No,0,0,0,"Pool,Park",No,Unfurnished,North,Home Loan,Sold,39
SRP100617,CUST100617,Srijan Greenview,Penthouse,2 BHK,Kolkata,Salt Lake,700124,22.658597,88.263029,1541,7,24,6497,10011877,3.28,9683487,10/26/2023,7/18/2024,23,35300,4,Business Owner,Email Campaign,Monsoon Offer,9,2,0,Yes,2118000,9.22,10,Clubhouse,Yes,Semi-Furnished,South,Home Loan,Available,
SRP100618,CUST100618,Srijan Urban Vista,Apartment,3 BHK,Kolkata,Garia,700124,22.645126,88.517058,909,8,30,5031,4573179,0,4573179,2/26/2022,4/23/2023,21,55500,1,Business Owner,Google Ads,New Year Campaign,7,6,2,Yes,3193413,7.99,20,Gym,Yes,Unfurnished,West,Self Funded,Sold,99
SRP100619,CUST100619,Srijan Enclave,Apartment,1 BHK,Kolkata,Garia,700107,22.63509,88.356258,1042,16,29,6237,6498954,8.01,5978388,2/26/2022,9/26/2022,38,43800,5,Engineer,Instagram,Monsoon Offer,10,2,0,Yes,2628000,8.03,25,Park,Yes,Semi-Furnished,South,Home Loan,Sold,7
SRP100620,CUST100620,Srijan Gardenia,Apartment,3 BHK,Kolkata,New Town,700102,22.538062,88.404414,450,2,19,6214,2796300,2.48,2726952,2/19/2022,3/24/2024,47,56700,4,Teacher,Website,Monsoon Offer,8,4,1,Yes,2183186,8.27,30,"Gym,Pool,Clubhouse",No,Semi-Furnished,East,Self Funded,Sold,76
SRP100621,CUST100621,Srijan Harmony,Apartment,1 BHK,Kolkata,Barasat,700033,22.489178,88.356284,1799,18,26,6180,11117820,7.34,10301772,4/6/2024,4/27/2025,37,74000,4,Doctor,Walk-in,Monsoon Offer,11,1,2,Yes,4440000,9.41,30,Gym,Yes,Semi-Furnished,South,Mixed,Available,
SRP100622,CUST100622,Srijan Realty Heights,Villa,3 BHK,Kolkata,Salt Lake,700064,22.579967,88.527718,1521,2,17,5678,8636238,6.41,8082655,9/28/2023,1/24/2024,36,96500,1,Private Employee,Facebook,New Year Campaign,7,4,2,Yes,4846090,8.52,10,"Pool,Park",No,Unfurnished,South-East,Self Funded,Sold,90
SRP100623,CUST100623,Srijan Enclave,Apartment,4 BHK,Kolkata,Dum Dum,711101,22.571158,88.329244,451,13,13,6372,2873772,0,2873772,8/17/2022,11/14/2024,35,80500,2,Engineer,Broker,Monsoon Offer,6,0,1,Yes,2156505,8.6,15,"Gym,Clubhouse",Yes,Unfurnished,South-East,Self Funded,Available,
SRP100624,CUST100624,Srijan Realty Heights,Apartment,3 BHK,Kolkata,Sonarpur,700124,22.474711,88.458559,1026,1,15,5564,5708664,6.62,5330750,8/5/2024,11/9/2025,47,160800,3,Private Employee,Property Portal,Referral Drive,8,3,1,No,0,0,0,Swimming Pool,Yes,Semi-Furnished,North-East,Self Funded,Negotiation,
SRP100625,CUST100625,Srijan Urban Vista,Apartment,5 BHK,Kolkata,Howrah,700033,22.65828,88.446312,620,28,28,7054,4373480,5.12,4149558,2/17/2025,6/9/2025,24,42500,2,Teacher,Property Portal,Summer Sale,12,1,2,Yes,2078851,8.41,25,Gym,Yes,Semi-Furnished,South-East,Mixed,Sold,54
SRP100626,CUST100626,Srijan Gardenia,Apartment,2 BHK,Kolkata,New Town,700019,22.491041,88.493863,781,17,17,9089,7098509,4.62,6770558,2/5/2025,12/22/2025,27,54500,5,Private Employee,Property Portal,Festive Offer,11,5,0,No,0,0,0,"Pool,Park",Yes,Semi-Furnished,South-East,Mixed,Sold,142
SRP100627,CUST100627,Srijan Courtyard,Apartment,3 BHK,Kolkata,Howrah,700064,22.728829,88.530262,624,8,32,5956,3716544,6.6,3471252,6/24/2023,8/1/2024,21,25800,5,Government Employee,Facebook,Premium Launch,5,6,1,Yes,1548000,8.38,15,"Gym,Pool,Clubhouse",Yes,Unfurnished,North-East,Home Loan,Available,
SRP100628,CUST100628,Srijan Harmony,Apartment,2 BHK,Kolkata,Salt Lake,700084,22.487719,88.423158,1198,25,32,5725,6858550,9.3,6220705,9/2/2022,7/1/2023,48,127600,6,Government Employee,Website,Monsoon Offer,5,2,1,Yes,4029500,9.4,20,Gym,Yes,Unfurnished,South,Home Loan,Sold,50
SRP100629,CUST100629,Srijan Greenview,Apartment,3 BHK,Kolkata,Rajarhat,700091,22.539113,88.514764,739,6,17,6528,4824192,1.31,4760995,3/7/2025,8/16/2025,49,53100,4,Other,Email Campaign,Festive Offer,8,1,3,No,0,0,0,"Pool,Park",Yes,Semi-Furnished,North-East,Self Funded,Available,
SRP100630,CUST100630,Srijan Courtyard,Apartment,2 BHK,Kolkata,Sonarpur,700064,22.700164,88.338664,1667,24,24,3500,5834500,3.96,5603454,9/26/2022,2/19/2024,40,82000,3,Business Owner,Instagram,Festive Offer,12,2,2,No,0,0,0,"Gym,Pool,Clubhouse",No,Fully Furnished,North-East,Home Loan,Available,
SRP100631,CUST100631,Srijan Urban Vista,Plot,3 BHK,Kolkata,Rajarhat,711101,22.451276,88.274273,1148,17,17,7569,8689212,7.39,8047079,2/19/2023,1/24/2024,22,95800,3,Private Employee,Walk-in,Monsoon Offer,11,4,1,Yes,4129689,8.81,10,Basic,No,Unfurnished,North-East,Home Loan,Sold,87
SRP100632,CUST100632,Srijan Enclave,Apartment,3 BHK,Kolkata,Garia,700107,22.62284,88.426885,1596,13,14,8120,12959520,9.12,11777612,7/12/2022,4/9/2024,21,71300,4,Teacher,Email Campaign,Premium Launch,9,2,1,Yes,4278000,9.23,20,Basic,No,Unfurnished,West,Self Funded,Sold,40
SRP100633,CUST100633,Srijan Greenview,Apartment,5 BHK,Kolkata,Dum Dum,711101,22.546074,88.342981,1755,10,10,4612,8094060,2.88,7860951,5/7/2024,1/29/2026,46,62100,4,IT Professional,Walk-in,Digital Awareness,9,1,0,No,0,0,0,"Pool,Park",Yes,Fully Furnished,West,Self Funded,Sold,40
SRP100634,CUST100634,Srijan Meadows,Apartment,2 BHK,Kolkata,Rajarhat,700064,22.715422,88.340074,1159,4,9,6700,7765300,12.95,6759694,8/4/2022,3/21/2023,42,59200,1,Private Employee,Property Portal,Digital Awareness,12,3,1,Yes,3552000,7.2,25,"Gym,Pool",Yes,Unfurnished,North-East,Home Loan,Sold,52
SRP100635,CUST100635,Srijan Prime,Apartment,3 BHK,Kolkata,Sonarpur,700052,22.706001,88.374642,874,3,27,7892,6897608,3.65,6645845,8/10/2024,11/26/2024,36,44000,4,Doctor,Broker,Festive Offer,5,2,1,Yes,2640000,8.21,25,"Pool,Park",No,Semi-Furnished,West,Self Funded,Available,
SRP100636,CUST100636,Srijan Greenview,Apartment,3 BHK,Kolkata,Garia,700064,22.54076,88.472384,1116,15,30,6428,7173648,4.09,6880246,12/12/2023,11/15/2025,23,77600,5,Engineer,Email Campaign,Festive Offer,11,2,2,Yes,3483209,9.56,15,Park,Yes,Semi-Furnished,North-East,Home Loan,Negotiation,
SRP100637,CUST100637,Srijan Urban Vista,Apartment,2 BHK,Kolkata,Garia,700033,22.623868,88.298956,902,19,28,6079,5483258,5.26,5194839,3/12/2024,4/20/2026,21,126300,1,Teacher,Website,Festive Offer,9,0,1,Yes,2898821,8.57,20,"Gym,Pool",Yes,Unfurnished,West,Mixed,Sold,7
SRP100638,CUST100638,Srijan Residency,Penthouse,4 BHK,Kolkata,Garia,700064,22.699936,88.268159,1470,1,14,5247,7713090,2.78,7498666,11/24/2023,6/18/2024,33,76900,5,Doctor,Broker,Monsoon Offer,9,1,0,Yes,4614000,7.2,20,Clubhouse,Yes,Unfurnished,North-East,Home Loan,Available,
SRP100639,CUST100639,Srijan Prime,Apartment,2 BHK,Kolkata,Behala,700102,22.708217,88.455632,507,18,19,7274,3687918,0.25,3678698,5/7/2024,9/14/2024,30,57800,6,IT Professional,Facebook,Monsoon Offer,6,1,0,Yes,2230758,7.71,30,"Gym,Clubhouse",No,Unfurnished,North-East,Home Loan,Negotiation,
SRP100640,CUST100640,Srijan Realty Heights,Apartment,3 BHK,Kolkata,EM Bypass,700124,22.556527,88.416114,1146,17,17,3790,4343340,6.19,4074487,3/30/2025,4/10/2026,37,74400,4,Teacher,Broker,Summer Sale,7,4,2,Yes,3444913,8.19,10,Gym,No,Fully Furnished,North,Mixed,Available,
SRP100641,CUST100641,Srijan Harmony,Apartment,2 BHK,Kolkata,EM Bypass,700084,22.71753,88.311237,1175,4,16,5586,6563550,7.61,6064064,9/26/2024,5/9/2026,29,65900,4,Doctor,Facebook,New Year Campaign,17,4,1,Yes,3954000,8.69,10,"Gym,Pool",No,Unfurnished,North-East,Self Funded,Negotiation,
SRP100642,CUST100642,Srijan Realty Heights,Apartment,5 BHK,Kolkata,Barasat,700102,22.478815,88.351397,929,4,5,10287,9556623,4.19,9156200,2/12/2022,2/26/2024,51,47100,4,Teacher,Broker,Monsoon Offer,16,2,1,No,0,0,0,Basic,Yes,Unfurnished,East,Mixed,Negotiation,
SRP100643,CUST100643,Srijan Greenview,Apartment,3 BHK,Kolkata,Behala,700084,22.547266,88.269175,1579,6,24,6258,9881382,4.13,9473281,11/1/2022,11/8/2024,32,79100,4,Other,Email Campaign,Monsoon Offer,14,4,2,Yes,4746000,8.39,25,"Gym,Pool",No,Fully Furnished,East,Home Loan,Negotiation,
SRP100644,CUST100644,Srijan Realty Heights,Apartment,3 BHK,Kolkata,Ballygunge,700102,22.544714,88.411666,2253,11,27,7907,17814471,7.04,16560332,6/10/2022,1/26/2023,50,60000,4,Self Employed,Email Campaign,Summer Sale,10,5,1,No,0,0,0,"Pool,Park",Yes,Fully Furnished,South,Home Loan,Sold,55
SRP100645,CUST100645,Srijan Urban Vista,Apartment,2 BHK,Kolkata,Dum Dum,700084,22.463804,88.331634,1618,13,24,7492,12122056,6.16,11375337,7/19/2022,9/26/2023,38,64800,1,Business Owner,Referral,Referral Drive,7,2,0,No,0,0,0,Clubhouse,Yes,Unfurnished,North-East,Mixed,Negotiation,
SRP100646,CUST100646,Srijan Meadows,Apartment,3 BHK,Kolkata,Dum Dum,700033,22.718415,88.409159,450,8,13,10033,4514850,4.38,4317100,11/21/2022,7/29/2023,44,300500,2,Government Employee,Website,Festive Offer,11,4,0,Yes,2725023,8.79,20,Park,Yes,Fully Furnished,West,Self Funded,Sold,82
SRP100647,CUST100647,Srijan Enclave,Villa,4 BHK,Kolkata,Salt Lake,700052,22.499937,88.484823,1378,6,19,7140,9838920,5.67,9281053,11/16/2023,3/27/2025,34,49000,3,IT Professional,Facebook,Digital Awareness,9,1,0,Yes,2940000,9.68,15,"Gym,Pool,Clubhouse",Yes,Semi-Furnished,West,Mixed,Sold,45
SRP100648,CUST100648,Srijan Harmony,Apartment,5 BHK,Kolkata,Barasat,700091,22.61977,88.497508,1240,19,26,6475,8029000,8.07,7381060,12/16/2024,7/11/2025,26,110900,5,Business Owner,Email Campaign,Referral Drive,4,0,2,Yes,5101153,7.74,20,Clubhouse,Yes,Semi-Furnished,North,Home Loan,Sold,41
SRP100649,CUST100649,Srijan Realty Heights,Villa,4 BHK,Kolkata,Ballygunge,711101,22.700267,88.388176,1096,19,19,7494,8213424,2.11,8040121,11/24/2024,3/21/2025,33,72800,5,Self Employed,Email Campaign,Referral Drive,7,2,0,Yes,4368000,9.04,20,Basic,Yes,Fully Furnished,North,Self Funded,Sold,63
SRP100650,CUST100650,Srijan Realty Heights,Apartment,3 BHK,Kolkata,Behala,700084,22.651347,88.315404,886,24,24,6116,5418776,5.53,5119118,3/15/2025,3/28/2026,25,45500,4,Teacher,Broker,Summer Sale,5,3,1,Yes,2730000,9.21,20,"Gym,Pool",Yes,Semi-Furnished,East,Mixed,Sold,55
SRP100651,CUST100651,Srijan Greenview,Apartment,4 BHK,Kolkata,EM Bypass,711101,22.749277,88.375004,1935,3,5,7195,13922325,0,13922325,7/22/2024,7/17/2025,21,58300,3,Teacher,Website,Festive Offer,2,2,2,Yes,3498000,9.56,20,"Gym,Clubhouse",Yes,Semi-Furnished,North,Mixed,Negotiation,
SRP100652,CUST100652,Srijan Enclave,Villa,2 BHK,Kolkata,Howrah,700064,22.614608,88.346794,2380,30,30,5144,12242720,1.66,12039491,10/7/2023,2/19/2024,47,25000,3,Doctor,Broker,New Year Campaign,4,3,1,No,0,0,0,Clubhouse,Yes,Semi-Furnished,North,Home Loan,Available,
SRP100653,CUST100653,Srijan Courtyard,Apartment,2 BHK,Kolkata,Garia,700102,22.466325,88.301989,825,8,30,4288,3537600,10.93,3150940,1/25/2022,3/6/2023,49,51700,5,Private Employee,Referral,Monsoon Offer,5,1,2,Yes,2509644,9.05,15,"Pool,Park",No,Semi-Furnished,South-East,Home Loan,Available,
SRP100654,CUST100654,Srijan Realty Heights,Apartment,3 BHK,Kolkata,Dum Dum,700124,22.567778,88.497289,1191,20,20,6378,7596198,10.45,6802395,7/8/2024,5/11/2025,47,37700,1,Private Employee,Instagram,New Year Campaign,7,1,2,No,0,0,0,"Gym,Pool",Yes,Semi-Furnished,South-East,Home Loan,Sold,45
SRP100655,CUST100655,Srijan Urban Vista,Apartment,3 BHK,Kolkata,Rajarhat,700019,22.607082,88.429107,1346,11,27,7273,9789458,1.86,9607374,6/1/2024,4/30/2026,21,68600,2,IT Professional,Walk-in,Digital Awareness,7,4,0,Yes,4116000,9.52,15,Swimming Pool,Yes,Unfurnished,North-East,Mixed,Available,
SRP100656,CUST100656,Srijan Residency,Apartment,4 BHK,Kolkata,EM Bypass,700033,22.539333,88.455347,1115,14,27,7567,8437205,5.87,7941941,2/17/2024,9/12/2024,35,43100,1,IT Professional,Instagram,Monsoon Offer,11,1,2,No,0,0,0,Swimming Pool,Yes,Semi-Furnished,South-East,Mixed,Available,
SRP100657,CUST100657,Srijan Harmony,Apartment,4 BHK,Kolkata,Behala,700107,22.628847,88.467784,965,13,27,7826,7552090,8.22,6931308,12/30/2023,2/27/2026,29,28400,1,Other,Website,Referral Drive,5,1,1,Yes,1704000,9.02,20,Basic,No,Unfurnished,South-East,Home Loan,Negotiation,
SRP100658,CUST100658,Srijan Realty Heights,Apartment,2 BHK,Kolkata,Behala,700019,22.460069,88.538192,1750,1,15,4049,7085750,4.33,6778937,12/20/2023,11/15/2025,35,75200,4,Government Employee,Website,Festive Offer,4,3,0,Yes,4512000,8.93,15,"Gym,Clubhouse",Yes,Fully Furnished,South-East,Home Loan,Sold,38
SRP100659,CUST100659,Srijan Urban Vista,Apartment,3 BHK,Kolkata,New Town,700019,22.497329,88.42227,1490,28,28,6582,9807180,6.02,9216788,7/18/2024,2/15/2025,23,65300,6,Doctor,Walk-in,Premium Launch,8,3,1,Yes,3918000,9.42,30,"Pool,Park",Yes,Semi-Furnished,South-East,Self Funded,Available,
SRP100660,CUST100660,Srijan Urban Vista,Villa,2 BHK,Kolkata,Garia,700052,22.679288,88.441239,1329,14,14,5488,7293552,4.4,6972636,4/24/2025,6/24/2026,46,125100,3,Government Employee,Website,Premium Launch,7,1,2,Yes,4440808,8.71,20,Gym,Yes,Unfurnished,North-East,Self Funded,Sold,66
SRP100661,CUST100661,Srijan Harmony,Apartment,3 BHK,Kolkata,Salt Lake,711101,22.524086,88.464723,919,13,19,6650,6111350,2.2,5976900,9/4/2025,9/17/2027,43,52700,4,Other,Facebook,Monsoon Offer,3,5,2,Yes,3162000,7.77,20,Basic,Yes,Semi-Furnished,East,Home Loan,Available,
SRP100662,CUST100662,Srijan Courtyard,Apartment,1 BHK,Kolkata,Behala,700033,22.531646,88.253816,1534,29,29,5732,8792888,3.97,8443810,5/16/2024,6/1/2026,35,134700,5,IT Professional,Referral,New Year Campaign,5,3,0,Yes,6201039,8.73,15,"Pool,Park",Yes,Unfurnished,East,Home Loan,Negotiation,
SRP100663,CUST100663,Srijan Urban Vista,Apartment,2 BHK,Kolkata,Ballygunge,700107,22.664084,88.322108,1488,16,25,8884,13219392,8.01,12160519,3/2/2023,1/13/2024,43,188600,5,Self Employed,Property Portal,Summer Sale,8,3,0,Yes,8138119,7.4,20,Basic,No,Unfurnished,North,Home Loan,Sold,47
SRP100664,CUST100664,Srijan Residency,Apartment,2 BHK,Kolkata,Salt Lake,700052,22.635733,88.332978,1515,16,17,8009,12133635,6.85,11302481,1/10/2025,1/20/2026,21,167000,4,Business Owner,Walk-in,Referral Drive,6,1,1,Yes,9321189,8.67,20,"Pool,Park",No,Semi-Furnished,North-East,Mixed,Negotiation,
SRP100665,CUST100665,Srijan Urban Vista,Apartment,2 BHK,Kolkata,Behala,700102,22.742312,88.324801,1899,22,22,7883,14969817,4.18,14344079,5/24/2025,7/20/2027,35,45200,4,Government Employee,Walk-in,Summer Sale,6,1,1,Yes,2712000,7.59,20,"Gym,Pool,Clubhouse",Yes,Unfurnished,West,Mixed,Sold,47
SRP100666,CUST100666,Srijan Urban Vista,Villa,5 BHK,Kolkata,Barasat,700102,22.660284,88.352653,961,23,23,6316,6069676,1,6008979,9/1/2025,1/10/2027,30,108900,5,Government Employee,Broker,Referral Drive,6,2,1,Yes,3195369,8.43,20,Clubhouse,Yes,Semi-Furnished,North-East,Home Loan,Available,
SRP100667,CUST100667,Srijan Urban Vista,Villa,3 BHK,Kolkata,Barasat,700033,22.473352,88.368374,1768,24,24,5826,10300368,0,10300368,5/25/2024,5/18/2026,39,54800,6,Private Employee,Instagram,New Year Campaign,10,0,1,No,0,0,0,Park,Yes,Fully Furnished,East,Home Loan,Sold,65
SRP100668,CUST100668,Srijan Meadows,Apartment,4 BHK,Kolkata,Dum Dum,700102,22.737883,88.287133,1379,10,22,7154,9865366,9.84,8894614,8/3/2023,3/30/2024,21,121800,2,Teacher,Referral,New Year Campaign,8,2,1,Yes,4717446,7.98,10,Swimming Pool,Yes,Semi-Furnished,North,Home Loan,Sold,9
SRP100669,CUST100669,Srijan Meadows,Villa,2 BHK,Kolkata,Tollygunge,700107,22.578986,88.42722,681,9,20,7594,5171514,7.72,4772273,3/17/2022,9/19/2023,37,111300,5,Private Employee,Website,Monsoon Offer,8,2,0,Yes,2731717,8.97,20,"Gym,Clubhouse",Yes,Unfurnished,South,Mixed,Negotiation,
SRP100670,CUST100670,Srijan Courtyard,Apartment,1 BHK,Kolkata,Rajarhat,700084,22.543225,88.357316,1239,10,29,6087,7541793,10.57,6744625,7/31/2023,4/7/2025,48,51100,2,Teacher,Google Ads,Summer Sale,13,4,2,Yes,3066000,9.09,15,"Gym,Pool",Yes,Semi-Furnished,South-East,Home Loan,Available,
SRP100671,CUST100671,Srijan Realty Heights,Villa,2 BHK,Kolkata,Salt Lake,700052,22.690877,88.306075,1137,25,25,6699,7616763,5.68,7184131,4/25/2024,9/17/2026,45,73900,7,Self Employed,Broker,Summer Sale,10,2,0,Yes,4434000,9.13,20,"Gym,Pool,Clubhouse",Yes,Unfurnished,South,Home Loan,Available,
SRP100672,CUST100672,Srijan Urban Vista,Apartment,3 BHK,Kolkata,Rajarhat,700124,22.656657,88.475744,1874,7,21,4212,7893288,5.62,7449685,4/15/2023,10/15/2024,36,55100,4,Business Owner,Google Ads,Referral Drive,7,3,1,Yes,3306000,7.84,20,"Pool,Park",Yes,Unfurnished,North,Self Funded,Negotiation,
SRP100673,CUST100673,Srijan Enclave,Apartment,2 BHK,Kolkata,Dum Dum,700107,22.536357,88.542758,958,17,31,6493,6220294,7.85,5732001,10/16/2023,2/6/2026,43,121300,2,Business Owner,Property Portal,Summer Sale,9,1,2,Yes,4847667,8.99,10,Basic,Yes,Semi-Furnished,North,Home Loan,Sold,14
SRP100674,CUST100674,Srijan Realty Heights,Penthouse,3 BHK,Kolkata,Garia,700102,22.585815,88.290173,1321,12,34,6398,8451758,9.12,7680958,1/21/2022,10/31/2022,34,64500,4,Business Owner,Email Campaign,Referral Drive,11,2,0,Yes,3514894,9.38,30,"Gym,Pool,Clubhouse",Yes,Semi-Furnished,West,Mixed,Available,
SRP100675,CUST100675,Srijan Courtyard,Apartment,4 BHK,Kolkata,Sonarpur,700019,22.455849,88.313287,1070,10,11,6510,6965700,5.74,6565869,11/29/2023,1/22/2025,48,36000,3,Teacher,Website,Premium Launch,7,2,2,Yes,2160000,8.11,25,"Gym,Pool",Yes,Semi-Furnished,South,Home Loan,Available,
SRP100676,CUST100676,Srijan Gardenia,Apartment,2 BHK,Kolkata,Barasat,700102,22.519534,88.265603,613,20,23,5537,3394181,8.8,3095493,2/1/2024,12/30/2025,29,238100,1,IT Professional,Referral,Referral Drive,4,1,0,Yes,2572228,8.73,20,"Gym,Pool,Clubhouse",Yes,Semi-Furnished,North-East,Self Funded,Negotiation,
SRP100677,CUST100677,Srijan Realty Heights,Apartment,3 BHK,Kolkata,Ballygunge,700064,22.565362,88.253007,1869,11,11,8671,16206099,0,16206099,2/11/2023,4/26/2025,55,65300,3,Doctor,Property Portal,Summer Sale,9,2,2,No,0,0,0,Park,No,Semi-Furnished,South-East,Mixed,Available,
SRP100678,CUST100678,Srijan Realty Heights,Apartment,2 BHK,Kolkata,Ballygunge,700107,22.532496,88.369941,1662,23,23,8892,14778504,9.44,13383413,8/4/2023,5/1/2025,45,47500,4,IT Professional,Google Ads,Digital Awareness,12,1,3,No,0,0,0,Basic,Yes,Unfurnished,East,Home Loan,Available,
SRP100679,CUST100679,Srijan Prime,Villa,2 BHK,Kolkata,EM Bypass,700084,22.507619,88.491655,1306,14,19,7623,9955638,10.94,8866491,1/20/2025,9/24/2026,61,77700,5,Government Employee,Referral,Festive Offer,5,3,2,Yes,4662000,8.62,20,Park,Yes,Fully Furnished,North-East,Mixed,Sold,21
SRP100680,CUST100680,Srijan Greenview,Penthouse,2 BHK,Kolkata,Sonarpur,700102,22.647123,88.514932,1815,3,20,7493,13599795,6.74,12683169,6/25/2024,2/10/2025,30,47200,1,Engineer,Walk-in,Digital Awareness,15,1,2,Yes,2832000,8.31,20,"Gym,Clubhouse",No,Fully Furnished,North,Mixed,Sold,33
SRP100681,CUST100681,Srijan Prime,Plot,3 BHK,Kolkata,EM Bypass,700033,22.740448,88.438043,1731,17,17,5968,10330608,7.94,9510358,12/19/2023,4/11/2024,31,100100,5,Government Employee,Facebook,Premium Launch,6,4,2,No,0,0,0,Swimming Pool,Yes,Unfurnished,East,Home Loan,Available,
SRP100682,CUST100682,Srijan Residency,Apartment,2 BHK,Kolkata,Rajarhat,700064,22.454206,88.280279,985,28,28,6089,5997665,1.86,5886108,5/10/2024,1/17/2026,45,66900,5,Business Owner,Instagram,Premium Launch,11,3,1,No,0,0,0,"Gym,Pool,Clubhouse",Yes,Unfurnished,South,Mixed,Negotiation,
SRP100683,CUST100683,Srijan Meadows,Apartment,2 BHK,Kolkata,EM Bypass,700084,22.595535,88.27403,2060,13,13,5275,10866500,2.37,10608964,11/8/2023,7/21/2024,40,89100,2,IT Professional,Property Portal,Premium Launch,10,3,2,Yes,5346000,9.3,20,"Gym,Pool,Clubhouse",Yes,Fully Furnished,North,Home Loan,Available,
SRP100684,CUST100684,Srijan Meadows,Apartment,2 BHK,Kolkata,Rajarhat,700019,22.533152,88.355783,1661,20,34,5699,9466039,1.08,9363806,6/21/2022,7/11/2023,40,66000,4,Private Employee,Walk-in,Premium Launch,8,2,3,Yes,3960000,7.97,20,"Gym,Pool",Yes,Semi-Furnished,North,Self Funded,Available,
SRP100685,CUST100685,Srijan Greenview,Apartment,4 BHK,Kolkata,Tollygunge,700124,22.678651,88.498607,1516,25,25,4911,7445076,2.75,7240336,4/7/2023,5/21/2025,28,61200,2,Doctor,Property Portal,Monsoon Offer,9,0,1,No,0,0,0,Swimming Pool,No,Semi-Furnished,East,Self Funded,Available,
SRP100686,CUST100686,Srijan Harmony,Villa,3 BHK,Kolkata,Tollygunge,700084,22.519749,88.293573,450,25,25,6579,2960550,3.56,2855154,2/5/2024,9/2/2025,39,43800,4,Business Owner,Email Campaign,New Year Campaign,12,0,3,Yes,1735933,9.4,30,Basic,No,Unfurnished,West,Home Loan,Sold,23
SRP100687,CUST100687,Srijan Harmony,Villa,4 BHK,Kolkata,New Town,700084,22.463286,88.510759,1747,28,28,6437,11245439,5.49,10628064,12/16/2025,2/10/2028,29,50900,4,Doctor,Property Portal,Digital Awareness,17,1,1,Yes,3054000,8.77,20,Clubhouse,Yes,Semi-Furnished,South-East,Home Loan,Sold,70
SRP100688,CUST100688,Srijan Courtyard,Penthouse,4 BHK,Kolkata,Barasat,700019,22.489039,88.374989,1076,1,30,6188,6658288,10.97,5927874,2/15/2025,10/8/2025,42,73300,6,Private Employee,Property Portal,New Year Campaign,10,1,1,No,0,0,0,Park,No,Unfurnished,East,Self Funded,Available,
SRP100689,CUST100689,Srijan Greenview,Apartment,3 BHK,Kolkata,New Town,711101,22.464964,88.468111,1422,18,20,7118,10121796,0,10121796,12/14/2025,7/9/2026,32,25000,3,Private Employee,Property Portal,Referral Drive,9,3,0,No,0,0,0,Basic,Yes,Unfurnished,East,Home Loan,Available,
SRP100690,CUST100690,Srijan Realty Heights,Apartment,4 BHK,Kolkata,Howrah,700102,22.615427,88.41046,450,12,15,6015,2706750,7.8,2495624,8/10/2024,1/15/2027,35,94500,5,Government Employee,Facebook,Festive Offer,7,2,1,No,0,0,0,Basic,Yes,Semi-Furnished,West,Home Loan,Negotiation,
SRP100691,CUST100691,Srijan Harmony,Apartment,5 BHK,Kolkata,New Town,700064,22.516485,88.435358,872,6,7,7233,6307176,0,6307176,8/23/2023,7/14/2024,38,70400,5,Private Employee,Google Ads,Digital Awareness,6,3,0,Yes,2881537,9.79,25,"Gym,Pool,Clubhouse",No,Unfurnished,South-East,Mixed,Available,
SRP100692,CUST100692,Srijan Urban Vista,Apartment,4 BHK,Kolkata,Tollygunge,700091,22.716472,88.305412,1740,24,24,5813,10114620,0.51,10063035,6/22/2022,8/28/2024,21,153200,4,Teacher,Website,Referral Drive,5,3,2,Yes,6830673,7.81,10,Basic,No,Unfurnished,East,Home Loan,Available,
SRP100693,CUST100693,Srijan Enclave,Apartment,2 BHK,Kolkata,Ballygunge,700107,22.72199,88.370308,747,6,14,8083,6038001,7.19,5603869,11/8/2022,11/3/2024,32,108800,4,Other,Website,Digital Awareness,11,4,1,Yes,2815203,9.14,20,"Pool,Park",No,Fully Furnished,South-East,Mixed,Sold,60
SRP100694,CUST100694,Srijan Realty Heights,Apartment,2 BHK,Kolkata,Howrah,700124,22.721536,88.430057,1058,4,8,7928,8387824,3.59,8086701,10/5/2023,1/15/2026,22,49200,1,Other,Google Ads,Referral Drive,5,1,1,Yes,2952000,8.8,25,"Gym,Pool,Clubhouse",Yes,Semi-Furnished,West,Self Funded,Sold,27
SRP100695,CUST100695,Srijan Residency,Villa,3 BHK,Kolkata,Dum Dum,700124,22.657309,88.47331,1330,29,29,7553,10045490,6.49,9393538,2/16/2025,10/24/2026,36,119200,4,Business Owner,Facebook,Premium Launch,7,3,1,No,0,0,0,Gym,Yes,Semi-Furnished,North,Mixed,Sold,46
SRP100696,CUST100696,Srijan Urban Vista,Apartment,2 BHK,Kolkata,New Town,700091,22.595478,88.51241,825,11,18,7947,6556275,5.48,6196991,2/10/2024,9/22/2025,22,103300,4,IT Professional,Referral,Referral Drive,6,1,1,No,0,0,0,"Gym,Pool",Yes,Semi-Furnished,East,Self Funded,Available,
SRP100697,CUST100697,Srijan Urban Vista,Apartment,3 BHK,Kolkata,New Town,700124,22.706093,88.306366,1448,1,18,5688,8236224,1.66,8099503,5/23/2024,9/16/2025,45,63300,3,Business Owner,Instagram,Digital Awareness,10,4,1,No,0,0,0,"Gym,Clubhouse",No,Unfurnished,South-East,Self Funded,Sold,7
SRP100698,CUST100698,Srijan Greenview,Apartment,3 BHK,Kolkata,Tollygunge,700064,22.570219,88.359359,1908,6,30,6057,11556756,0.1,11545199,5/4/2023,3/26/2024,39,44600,4,Self Employed,Walk-in,Monsoon Offer,8,0,4,Yes,2676000,7.2,25,Swimming Pool,Yes,Fully Furnished,East,Mixed,Sold,76
SRP100699,CUST100699,Srijan Courtyard,Apartment,3 BHK,Kolkata,EM Bypass,700107,22.517843,88.435116,1194,24,24,7527,8987238,3.92,8634938,9/5/2022,6/23/2024,48,66100,2,Teacher,Property Portal,Premium Launch,7,3,1,Yes,3966000,9.28,20,"Gym,Pool,Clubhouse",Yes,Semi-Furnished,West,Home Loan,Sold,101
SRP100700,CUST100700,Srijan Residency,Apartment,2 BHK,Kolkata,Salt Lake,700084,22.587456,88.374276,1025,21,23,5906,6053650,3.41,5847221,1/12/2024,6/12/2024,29,103500,3,Private Employee,Google Ads,Digital Awareness,11,2,2,No,0,0,0,"Gym,Pool,Clubhouse",Yes,Semi-Furnished,North-East,Home Loan,Negotiation,
SRP100701,CUST100701,Srijan Harmony,Apartment,2 BHK,Kolkata,EM Bypass,700124,22.679422,88.450108,1060,2,18,5253,5568180,4.75,5303691,7/24/2023,6/16/2025,35,223400,3,Engineer,Email Campaign,Digital Awareness,3,0,2,No,0,0,0,Basic,No,Semi-Furnished,South,Self Funded,Sold,48
SRP100702,CUST100702,Srijan Greenview,Apartment,3 BHK,Kolkata,New Town,700124,22.551667,88.295066,1400,11,12,7003,9804200,3.74,9437523,12/9/2024,3/16/2026,38,54800,3,Other,Property Portal,Digital Awareness,10,4,0,No,0,0,0,Gym,No,Semi-Furnished,East,Home Loan,Sold,57
SRP100703,CUST100703,Srijan Harmony,Apartment,3 BHK,Kolkata,New Town,700091,22.544308,88.462821,1826,5,29,6700,12234200,2.83,11887972,7/1/2023,9/9/2025,32,66000,3,Government Employee,Referral,Festive Offer,9,3,1,Yes,3960000,9.37,20,"Gym,Pool",Yes,Semi-Furnished,North-East,Mixed,Sold,36
SRP100704,CUST100704,Srijan Greenview,Plot,3 BHK,Kolkata,EM Bypass,700084,22.506297,88.340801,631,10,30,8278,5223418,5.25,4949189,7/11/2025,6/12/2027,26,50000,1,Self Employed,Broker,Premium Launch,10,2,1,Yes,3000000,9.58,20,Gym,Yes,Semi-Furnished,West,Self Funded,Available,
SRP100705,CUST100705,Srijan Greenview,Apartment,3 BHK,Kolkata,Ballygunge,711101,22.686009,88.383492,1880,29,29,9306,17495280,3.82,16826960,5/24/2023,8/5/2025,44,210200,5,Private Employee,Referral,Festive Offer,7,3,2,Yes,8807522,8.59,20,"Gym,Pool",No,Unfurnished,East,Home Loan,Negotiation,
SRP100706,CUST100706,Srijan Greenview,Apartment,4 BHK,Kolkata,Salt Lake,700102,22.648366,88.298502,1479,15,20,4304,6365616,5.55,6012324,7/1/2023,1/16/2024,35,155700,4,Engineer,Property Portal,Monsoon Offer,9,3,1,Yes,3595409,8.62,20,Gym,No,Semi-Furnished,North,Mixed,Negotiation,
SRP100707,CUST100707,Srijan Courtyard,Apartment,2 BHK,Kolkata,Garia,711101,22.658444,88.544444,586,15,20,7983,4678038,6.5,4373966,1/31/2022,6/21/2022,37,82900,2,IT Professional,Email Campaign,Referral Drive,10,2,0,Yes,3197110,7.55,20,Gym,No,Fully Furnished,South,Mixed,Available,
SRP100708,CUST100708,Srijan Greenview,Apartment,3 BHK,Kolkata,Howrah,700052,22.46818,88.31885,922,18,31,5198,4792556,5.23,4541905,9/10/2024,8/3/2025,35,155200,5,IT Professional,Broker,Festive Offer,6,3,1,No,0,0,0,Basic,No,Fully Furnished,East,Self Funded,Available,
SRP100709,CUST100709,Srijan Gardenia,Apartment,4 BHK,Kolkata,Rajarhat,700107,22.483832,88.315325,1322,3,21,5709,7547298,9.83,6805399,10/11/2024,8/30/2025,56,145600,1,Doctor,Website,Summer Sale,8,1,1,Yes,4072111,8.75,20,Swimming Pool,No,Semi-Furnished,West,Self Funded,Negotiation,
SRP100710,CUST100710,Srijan Enclave,Apartment,2 BHK,Kolkata,Garia,711101,22.56534,88.309891,1035,20,20,7809,8082315,4.26,7738008,8/5/2024,5/29/2025,27,32900,5,Doctor,Walk-in,New Year Campaign,15,3,0,No,0,0,0,"Gym,Pool",Yes,Semi-Furnished,South-East,Self Funded,Negotiation,
SRP100711,CUST100711,Srijan Harmony,Apartment,3 BHK,Kolkata,Salt Lake,700124,22.461464,88.418134,1086,21,29,5737,6230382,8.95,5672763,7/6/2022,10/10/2024,39,65600,4,Other,Walk-in,Festive Offer,6,3,1,Yes,3936000,7.81,25,"Gym,Pool,Clubhouse",No,Fully Furnished,East,Home Loan,Available,
SRP100712,CUST100712,Srijan Realty Heights,Apartment,4 BHK,Kolkata,EM Bypass,700124,22.622682,88.306857,1843,7,18,6768,12473424,1.67,12265118,11/8/2024,7/18/2026,39,50100,4,Other,Website,Digital Awareness,4,2,3,No,0,0,0,"Gym,Pool",Yes,Unfurnished,South,Home Loan,Sold,34
SRP100713,CUST100713,Srijan Prime,Penthouse,4 BHK,Kolkata,New Town,700091,22.68558,88.302625,1400,18,33,5447,7625800,10.06,6858645,3/21/2024,11/15/2024,39,69300,1,Self Employed,Property Portal,Monsoon Offer,8,0,0,Yes,3513056,8.75,15,Swimming Pool,Yes,Unfurnished,West,Mixed,Available,
SRP100714,CUST100714,Srijan Residency,Apartment,2 BHK,Kolkata,Sonarpur,700107,22.594923,88.272487,1857,27,27,5292,9827244,2.39,9592373,10/28/2023,9/23/2024,49,102500,3,IT Professional,Email Campaign,Digital Awareness,11,6,2,Yes,4761823,8.06,25,"Pool,Park",Yes,Unfurnished,West,Mixed,Sold,27
SRP100715,CUST100715,Srijan Meadows,Apartment,3 BHK,Kolkata,Tollygunge,711101,22.679848,88.266659,515,24,32,5440,2801600,8.77,2555900,1/15/2025,2/26/2026,30,87700,2,Business Owner,Email Campaign,Digital Awareness,9,2,0,Yes,1648839,7.92,20,"Gym,Pool,Clubhouse",Yes,Semi-Furnished,North-East,Home Loan,Available,
SRP100716,CUST100716,Srijan Courtyard,Villa,2 BHK,Kolkata,Dum Dum,700084,22.661891,88.454506,983,20,23,8293,8152019,4.82,7759092,1/16/2024,6/10/2025,30,37400,4,Business Owner,Email Campaign,Monsoon Offer,8,3,2,Yes,2244000,7.86,25,"Pool,Park",Yes,Fully Furnished,South,Home Loan,Sold,34
SRP100717,CUST100717,Srijan Realty Heights,Apartment,1 BHK,Kolkata,Sonarpur,700124,22.708916,88.343271,979,11,13,8292,8117868,3.7,7817507,4/21/2023,8/14/2024,21,87100,4,Business Owner,Email Campaign,Premium Launch,9,5,2,Yes,5226000,8.62,15,Swimming Pool,Yes,Unfurnished,North-East,Mixed,Negotiation,
SRP100718,CUST100718,Srijan Urban Vista,Plot,3 BHK,Kolkata,New Town,700124,22.729085,88.514993,1488,25,34,4786,7121568,7.91,6558252,4/3/2023,10/12/2023,35,78100,4,IT Professional,Email Campaign,New Year Campaign,5,2,1,Yes,4414865,8.41,20,Park,Yes,Semi-Furnished,South-East,Self Funded,Available,
SRP100719,CUST100719,Srijan Gardenia,Apartment,3 BHK,Kolkata,Dum Dum,700107,22.671819,88.262631,865,12,12,5112,4421880,3.09,4285244,10/12/2024,1/22/2026,46,41400,2,IT Professional,Walk-in,Summer Sale,7,4,1,Yes,2484000,8.15,15,Park,Yes,Semi-Furnished,East,Home Loan,Available,
SRP100720,CUST100720,Srijan Meadows,Apartment,2 BHK,Kolkata,Howrah,700064,22.594866,88.304203,1037,12,12,6186,6414882,2.21,6273113,4/23/2022,5/15/2023,24,95100,5,Self Employed,Broker,Summer Sale,15,3,3,Yes,3865399,8.54,20,Swimming Pool,Yes,Semi-Furnished,South-East,Home Loan,Available,
SRP100721,CUST100721,Srijan Prime,Plot,3 BHK,Kolkata,Ballygunge,700102,22.643155,88.353294,1503,25,25,9957,14965371,11.39,13260815,2/1/2025,1/7/2027,47,83100,2,Self Employed,Property Portal,Premium Launch,8,2,0,No,0,0,0,"Gym,Pool",Yes,Semi-Furnished,South,Home Loan,Available,
SRP100722,CUST100722,Srijan Realty Heights,Apartment,1 BHK,Kolkata,Tollygunge,711101,22.552033,88.541345,1535,22,29,5557,8529995,5.82,8033549,11/8/2022,7/20/2023,58,99800,1,Engineer,Property Portal,New Year Campaign,9,2,1,Yes,5988000,9.03,20,Gym,Yes,Fully Furnished,East,Home Loan,Negotiation,
SRP100723,CUST100723,Srijan Meadows,Apartment,5 BHK,Kolkata,Howrah,700124,22.466098,88.269619,1141,8,14,6393,7294413,5.08,6923857,5/23/2024,1/4/2026,44,32900,1,Teacher,Broker,New Year Campaign,6,2,0,Yes,1974000,8.45,20,Swimming Pool,No,Semi-Furnished,West,Self Funded,Negotiation,
SRP100724,CUST100724,Srijan Realty Heights,Penthouse,3 BHK,Kolkata,Dum Dum,700019,22.568929,88.278247,1207,19,19,8168,9858776,7.59,9110495,9/26/2023,4/30/2025,21,64900,1,Business Owner,Referral,Summer Sale,9,2,2,Yes,3894000,9.33,20,Clubhouse,No,Unfurnished,North,Self Funded,Sold,55
SRP100725,CUST100725,Srijan Gardenia,Apartment,2 BHK,Kolkata,New Town,700102,22.738173,88.271344,756,14,14,7648,5781888,2.84,5617682,10/14/2025,3/27/2026,30,25000,4,Business Owner,Broker,Digital Awareness,9,0,0,Yes,1500000,8.34,20,Basic,Yes,Semi-Furnished,East,Home Loan,Negotiation,
SRP100726,CUST100726,Srijan Prime,Penthouse,5 BHK,Kolkata,Sonarpur,711101,22.463547,88.444813,947,25,28,5495,5203765,5.3,4927965,9/23/2025,2/11/2028,36,81100,5,Teacher,Broker,New Year Campaign,12,0,0,Yes,3050794,10.14,25,"Gym,Pool",Yes,Unfurnished,East,Home Loan,Available,
SRP100727,CUST100727,Srijan Urban Vista,Villa,3 BHK,Kolkata,Tollygunge,700091,22.48653,88.385333,1612,2,30,3943,6356116,0,6356116,5/14/2025,6/30/2027,39,38700,4,Private Employee,Property Portal,Monsoon Offer,9,2,0,No,0,0,0,"Gym,Pool",Yes,Unfurnished,North-East,Mixed,Available,
SRP100728,CUST100728,Srijan Greenview,Villa,3 BHK,Kolkata,Howrah,700064,22.740868,88.371629,789,9,12,8070,6367230,11.34,5645186,9/20/2024,1/14/2025,37,51500,3,Doctor,Instagram,Summer Sale,9,1,1,Yes,3090000,8.96,10,"Gym,Pool,Clubhouse",Yes,Semi-Furnished,West,Mixed,Sold,96
SRP100729,CUST100729,Srijan Harmony,Penthouse,3 BHK,Kolkata,Howrah,700052,22.558635,88.337004,603,12,20,7162,4318686,4.38,4129528,3/20/2024,4/20/2026,30,27100,4,Other,Walk-in,Referral Drive,5,5,1,Yes,1626000,9.94,15,"Gym,Pool,Clubhouse",No,Fully Furnished,East,Self Funded,Available,
SRP100730,CUST100730,Srijan Urban Vista,Plot,3 BHK,Kolkata,Dum Dum,700064,22.620416,88.485926,1894,9,25,7464,14136816,0.71,14036445,2/26/2025,2/16/2027,32,224900,3,IT Professional,Referral,New Year Campaign,9,6,0,No,0,0,0,Park,Yes,Unfurnished,North,Mixed,Negotiation,
SRP100731,CUST100731,Srijan Greenview,Plot,4 BHK,Kolkata,New Town,700091,22.543985,88.338437,635,25,25,6695,4251325,3.39,4107205,6/22/2024,11/3/2026,50,57600,2,Business Owner,Website,Festive Offer,11,1,1,No,0,0,0,Clubhouse,Yes,Unfurnished,North,Self Funded,Sold,51
SRP100732,CUST100732,Srijan Courtyard,Apartment,5 BHK,Kolkata,Behala,700091,22.589505,88.294761,1298,22,27,7868,10212664,13.53,8830891,10/14/2023,2/9/2025,48,174800,2,Doctor,Broker,Monsoon Offer,7,3,0,Yes,6168514,8.05,20,Swimming Pool,Yes,Fully Furnished,West,Self Funded,Available,
SRP100733,CUST100733,Srijan Enclave,Apartment,3 BHK,Kolkata,Rajarhat,700019,22.726118,88.501088,1181,20,23,6215,7339915,4.13,7036777,1/17/2025,2/13/2026,24,110700,5,Self Employed,Instagram,Festive Offer,7,1,3,Yes,3312508,9.27,20,"Pool,Park",Yes,Unfurnished,South-East,Mixed,Available,
SRP100734,CUST100734,Srijan Residency,Apartment,5 BHK,Kolkata,Garia,700102,22.549855,88.365008,1211,12,12,6301,7630511,1.97,7480190,7/18/2022,7/7/2024,51,56900,4,Teacher,Broker,New Year Campaign,12,2,1,Yes,3414000,8.78,20,"Gym,Pool,Clubhouse",Yes,Fully Furnished,South,Mixed,Sold,86
SRP100735,CUST100735,Srijan Residency,Apartment,2 BHK,Kolkata,Behala,700107,22.707197,88.422454,885,16,24,6304,5579040,3.48,5384889,5/13/2025,1/10/2026,30,119900,4,IT Professional,Property Portal,Premium Launch,4,4,3,Yes,3504067,7.53,25,Park,No,Unfurnished,South,Mixed,Sold,39
SRP100736,CUST100736,Srijan Harmony,Apartment,2 BHK,Kolkata,Dum Dum,700107,22.726106,88.310476,2378,24,24,6341,15078898,3.76,14511931,12/20/2022,4/28/2024,33,25000,2,Private Employee,Google Ads,Monsoon Offer,9,1,3,Yes,1500000,8.67,20,Park,Yes,Unfurnished,West,Mixed,Available,
SRP100737,CUST100737,Srijan Prime,Apartment,4 BHK,Kolkata,Ballygunge,700084,22.468882,88.338728,1313,1,23,12376,16249688,2.52,15840196,7/18/2023,3/28/2024,38,40600,4,Self Employed,Google Ads,Festive Offer,7,5,1,Yes,2436000,7.83,25,"Gym,Clubhouse",No,Fully Furnished,South,Mixed,Available,
SRP100738,CUST100738,Srijan Gardenia,Villa,4 BHK,Kolkata,Garia,700107,22.532074,88.326239,2622,2,14,5556,14567832,2.04,14270648,9/19/2023,12/16/2025,50,25000,4,Engineer,Instagram,Monsoon Offer,2,1,0,No,0,0,0,"Gym,Clubhouse",Yes,Unfurnished,South-East,Mixed,Available,
SRP100739,CUST100739,Srijan Prime,Apartment,2 BHK,Kolkata,New Town,700064,22.550515,88.327094,1211,4,8,9376,11354336,2.25,11098863,10/20/2024,9/28/2026,27,104600,6,IT Professional,Referral,Premium Launch,8,4,1,No,0,0,0,Basic,No,Semi-Furnished,South,Home Loan,Available,
SRP100740,CUST100740,Srijan Gardenia,Villa,2 BHK,Kolkata,New Town,700102,22.688207,88.415135,1100,24,24,7714,8485400,4.38,8113739,1/7/2023,4/13/2023,44,103600,7,Other,Google Ads,Referral Drive,3,4,1,Yes,6216000,8.81,25,Basic,Yes,Unfurnished,East,Self Funded,Available,
SRP100741,CUST100741,Srijan Prime,Apartment,3 BHK,Kolkata,Ballygunge,700084,22.736313,88.437841,1068,7,22,9586,10237848,5.39,9686028,3/31/2024,12/16/2025,48,70500,4,IT Professional,Walk-in,New Year Campaign,9,4,3,Yes,4230000,8.38,20,Clubhouse,Yes,Unfurnished,South,Home Loan,Negotiation,
SRP100742,CUST100742,Srijan Enclave,Apartment,3 BHK,Kolkata,New Town,700091,22.504333,88.42477,475,8,8,6264,2975400,0.89,2948919,11/10/2024,12/22/2025,40,207200,3,Business Owner,Google Ads,Summer Sale,3,0,0,Yes,2361975,9.52,20,Gym,Yes,Fully Furnished,North-East,Home Loan,Sold,84
SRP100743,CUST100743,Srijan Courtyard,Villa,2 BHK,Kolkata,Behala,711101,22.535244,88.441329,1288,12,18,5723,7371224,3.09,7143453,1/28/2023,11/12/2024,38,58100,5,Other,Walk-in,Digital Awareness,4,2,2,No,0,0,0,"Gym,Pool,Clubhouse",No,Semi-Furnished,North-East,Home Loan,Sold,87
SRP100744,CUST100744,Srijan Courtyard,Villa,3 BHK,Kolkata,Barasat,700091,22.615288,88.28894,1577,12,24,5860,9241220,3.44,8923322,5/28/2022,10/7/2022,31,43300,6,Private Employee,Broker,Referral Drive,8,1,2,No,0,0,0,"Gym,Clubhouse",Yes,Unfurnished,West,Home Loan,Negotiation,
SRP100745,CUST100745,Srijan Greenview,Apartment,2 BHK,Kolkata,Dum Dum,700064,22.74197,88.374801,1589,13,13,8656,13754384,2.75,13376138,5/12/2022,9/30/2022,46,53500,3,Business Owner,Website,New Year Campaign,9,1,1,Yes,3210000,7.95,25,Clubhouse,No,Semi-Furnished,South,Mixed,Negotiation,
SRP100746,CUST100746,Srijan Meadows,Villa,3 BHK,Kolkata,Rajarhat,700052,22.539108,88.254487,1938,1,17,5229,10133802,9.2,9201492,8/26/2023,1/10/2024,37,25000,3,IT Professional,Property Portal,Monsoon Offer,7,0,1,Yes,1500000,9.47,15,"Gym,Pool",No,Unfurnished,North,Home Loan,Negotiation,
SRP100747,CUST100747,Srijan Courtyard,Apartment,3 BHK,Kolkata,New Town,700019,22.698267,88.392807,1115,6,26,7189,8015735,2.66,7802516,3/15/2024,1/5/2025,28,64400,2,Self Employed,Facebook,Monsoon Offer,8,2,0,No,0,0,0,"Pool,Park",Yes,Unfurnished,North-East,Self Funded,Available,
SRP100748,CUST100748,Srijan Courtyard,Penthouse,2 BHK,Kolkata,Tollygunge,700091,22.587089,88.339692,1795,9,23,5392,9678640,4.85,9209226,2/3/2025,10/25/2026,35,74000,5,Other,Referral,Digital Awareness,8,2,1,No,0,0,0,"Gym,Clubhouse",Yes,Semi-Furnished,West,Home Loan,Sold,45
SRP100749,CUST100749,Srijan Urban Vista,Apartment,1 BHK,Kolkata,Howrah,700033,22.566825,88.281479,1794,16,30,6392,11467248,8.14,10533814,12/23/2023,12/1/2024,23,78900,2,Engineer,Instagram,Referral Drive,11,4,1,Yes,4734000,8.74,15,"Gym,Pool",Yes,Fully Furnished,North-East,Mixed,Sold,71
SRP100750,CUST100750,Srijan Urban Vista,Penthouse,2 BHK,Kolkata,Sonarpur,700064,22.551896,88.488676,1274,16,17,7412,9442888,5.64,8910309,8/28/2022,9/21/2024,51,74500,1,Self Employed,Facebook,Premium Launch,8,0,2,No,0,0,0,Gym,No,Semi-Furnished,West,Self Funded,Available,
SRP100751,CUST100751,Srijan Greenview,Apartment,3 BHK,Kolkata,Sonarpur,700091,22.586491,88.423178,1118,24,24,6556,7329608,3.25,7091396,10/17/2022,1/16/2025,41,82100,3,Self Employed,Website,Digital Awareness,15,4,3,Yes,4438933,7.9,20,Gym,Yes,Fully Furnished,East,Mixed,Sold,97
SRP100752,CUST100752,Srijan Meadows,Apartment,4 BHK,Kolkata,Dum Dum,700052,22.52802,88.464612,1879,7,30,4082,7670078,5.59,7241321,9/19/2024,4/1/2026,37,70300,4,Business Owner,Property Portal,New Year Campaign,7,1,1,Yes,3608354,8.5,20,Swimming Pool,Yes,Fully Furnished,South,Mixed,Available,
SRP100753,CUST100753,Srijan Harmony,Apartment,4 BHK,Kolkata,Rajarhat,700033,22.590572,88.412462,757,7,16,7091,5367887,6.54,5016827,1/30/2023,9/3/2024,34,44800,4,Business Owner,Google Ads,Premium Launch,10,0,0,Yes,2688000,9.94,15,Gym,Yes,Fully Furnished,South-East,Home Loan,Sold,70
SRP100754,CUST100754,Srijan Urban Vista,Plot,2 BHK,Kolkata,Dum Dum,700107,22.456036,88.299353,904,5,23,6885,6224040,0.15,6214704,7/18/2023,4/18/2025,46,78800,3,Business Owner,Facebook,Referral Drive,8,2,1,Yes,2952403,7.65,25,"Pool,Park",Yes,Unfurnished,North-East,Mixed,Sold,44
SRP100755,CUST100755,Srijan Harmony,Villa,4 BHK,Kolkata,Garia,700019,22.665524,88.546851,923,29,29,5850,5399550,9.14,4906031,1/12/2025,4/18/2026,44,58800,3,Doctor,Email Campaign,Festive Offer,5,3,1,No,0,0,0,Basic,Yes,Semi-Furnished,East,Home Loan,Available,
SRP100756,CUST100756,Srijan Realty Heights,Apartment,2 BHK,Kolkata,Howrah,700084,22.63066,88.26428,820,2,9,5076,4162320,2.01,4078657,5/17/2024,7/16/2025,39,37200,4,Self Employed,Walk-in,Digital Awareness,4,1,1,Yes,2232000,8.52,15,Swimming Pool,Yes,Semi-Furnished,South-East,Self Funded,Available,
SRP100757,CUST100757,Srijan Urban Vista,Apartment,4 BHK,Kolkata,Sonarpur,700107,22.748249,88.322326,1363,11,24,5648,7698224,2.79,7483444,5/21/2025,11/28/2026,53,113200,3,IT Professional,Website,Monsoon Offer,9,1,1,No,0,0,0,Basic,No,Unfurnished,West,Home Loan,Sold,75
SRP100758,CUST100758,Srijan Enclave,Apartment,2 BHK,Kolkata,EM Bypass,700064,22.66988,88.30181,1073,26,26,5875,6303875,4.44,6023983,1/7/2022,7/4/2023,42,75700,3,Self Employed,Website,New Year Campaign,9,3,1,No,0,0,0,"Pool,Park",Yes,Semi-Furnished,South,Home Loan,Available,
SRP100759,CUST100759,Srijan Meadows,Apartment,3 BHK,Kolkata,Barasat,700052,22.466406,88.302643,1226,8,21,6516,7988616,6.19,7494121,3/21/2023,8/7/2024,32,71800,2,Other,Google Ads,Monsoon Offer,4,1,3,Yes,4308000,7.21,20,"Gym,Clubhouse",No,Semi-Furnished,North,Mixed,Sold,7
SRP100760,CUST100760,Srijan Greenview,Apartment,3 BHK,Kolkata,Behala,700102,22.678227,88.293836,1277,27,27,7341,9374457,4.24,8976980,10/9/2024,1/24/2026,29,50200,1,Private Employee,Facebook,Monsoon Offer,9,2,0,No,0,0,0,"Pool,Park",Yes,Unfurnished,East,Home Loan,Negotiation,
SRP100761,CUST100761,Srijan Realty Heights,Apartment,3 BHK,Kolkata,EM Bypass,700033,22.691946,88.515443,1025,12,34,6213,6368325,3.76,6128876,1/13/2023,9/16/2024,41,182200,4,Teacher,Walk-in,New Year Campaign,6,1,5,Yes,4614034,7.25,25,"Gym,Pool",No,Semi-Furnished,West,Mixed,Available,
SRP100762,CUST100762,Srijan Meadows,Apartment,2 BHK,Kolkata,EM Bypass,700064,22.645827,88.513053,1324,9,16,5282,6993368,4.09,6707339,4/18/2022,5/24/2024,41,55600,3,Engineer,Referral,New Year Campaign,4,3,2,Yes,3336000,8.87,20,Clubhouse,Yes,Semi-Furnished,South-East,Home Loan,Available,
SRP100763,CUST100763,Srijan Enclave,Apartment,2 BHK,Kolkata,Howrah,700084,22.725524,88.30856,2136,30,30,7829,16722744,2.38,16324743,4/2/2025,1/21/2026,26,148100,4,Teacher,Walk-in,Summer Sale,7,5,1,Yes,8886000,8.37,20,"Gym,Pool,Clubhouse",No,Semi-Furnished,West,Home Loan,Sold,112
SRP100764,CUST100764,Srijan Meadows,Apartment,1 BHK,Kolkata,Rajarhat,700033,22.509974,88.387772,1218,5,26,5916,7205688,4.93,6850448,3/25/2025,7/5/2025,29,169800,3,Teacher,Instagram,Referral Drive,14,3,1,Yes,4713546,8.74,20,Basic,Yes,Fully Furnished,North,Home Loan,Negotiation,
SRP100765,CUST100765,Srijan Enclave,Apartment,2 BHK,Kolkata,Barasat,700107,22.528674,88.362373,1261,5,12,6968,8786648,5.39,8313048,4/18/2025,10/23/2025,38,117300,4,Self Employed,Referral,Referral Drive,8,2,1,No,0,0,0,"Pool,Park",No,Unfurnished,North,Mixed,Available,
SRP100766,CUST100766,Srijan Enclave,Apartment,5 BHK,Kolkata,Garia,700052,22.698525,88.300477,450,2,33,5705,2567250,0.8,2546712,7/9/2022,8/25/2023,41,69700,2,Business Owner,Instagram,Premium Launch,16,2,1,Yes,1789125,7.3,20,Basic,Yes,Unfurnished,East,Mixed,Available,
SRP100767,CUST100767,Srijan Harmony,Apartment,2 BHK,Kolkata,Ballygunge,700102,22.681171,88.483539,1124,8,13,8155,9166220,9.35,8309178,11/29/2025,7/16/2026,36,116100,4,Teacher,Google Ads,Premium Launch,5,1,1,Yes,4514329,8.09,15,Basic,Yes,Semi-Furnished,South,Self Funded,Negotiation,
SRP100768,CUST100768,Srijan Prime,Apartment,2 BHK,Kolkata,Dum Dum,700102,22.569015,88.278822,1288,13,13,5397,6951336,5.43,6573878,9/30/2025,2/21/2028,31,72400,3,IT Professional,Instagram,Summer Sale,7,4,2,No,0,0,0,"Gym,Pool,Clubhouse",Yes,Semi-Furnished,North-East,Self Funded,Sold,72
SRP100769,CUST100769,Srijan Realty Heights,Apartment,2 BHK,Kolkata,Behala,700091,22.548505,88.267059,1244,24,25,5630,7003720,5.15,6643028,10/6/2025,3/15/2026,29,138300,4,Other,Google Ads,New Year Campaign,6,2,0,Yes,3765973,8.14,20,Park,No,Semi-Furnished,North,Self Funded,Sold,48
SRP100770,CUST100770,Srijan Meadows,Apartment,1 BHK,Kolkata,Rajarhat,700019,22.536705,88.256928,1237,14,34,6155,7613735,3.19,7370857,2/29/2024,3/29/2026,36,216900,4,Government Employee,Website,Monsoon Offer,6,2,0,Yes,3478697,8.53,15,Clubhouse,Yes,Fully Furnished,West,Self Funded,Sold,96
SRP100771,CUST100771,Srijan Gardenia,Apartment,1 BHK,Kolkata,Behala,700084,22.50733,88.37498,895,23,32,7002,6266790,1.67,6162135,7/16/2022,11/1/2024,42,60800,5,Business Owner,Facebook,Festive Offer,10,2,2,Yes,3285419,8.92,15,"Gym,Pool,Clubhouse",Yes,Semi-Furnished,West,Home Loan,Available,
SRP100772,CUST100772,Srijan Realty Heights,Apartment,3 BHK,Kolkata,EM Bypass,700084,22.658906,88.295624,1220,12,12,6949,8477780,5.52,8009807,11/3/2022,2/5/2023,38,84000,2,IT Professional,Referral,Monsoon Offer,6,2,3,Yes,5040000,9.37,25,"Gym,Clubhouse",Yes,Semi-Furnished,South-East,Self Funded,Sold,7
SRP100773,CUST100773,Srijan Prime,Apartment,2 BHK,Kolkata,Sonarpur,700084,22.592691,88.28892,1074,15,28,6902,7412748,2.59,7220758,6/11/2022,2/11/2024,44,64000,4,Government Employee,Walk-in,Digital Awareness,14,0,0,Yes,3840000,8.47,25,Clubhouse,No,Semi-Furnished,North-East,Home Loan,Sold,57
SRP100774,CUST100774,Srijan Realty Heights,Villa,4 BHK,Kolkata,Dum Dum,700107,22.623584,88.54755,1580,25,25,5821,9197180,6.31,8616838,8/6/2023,9/15/2024,35,42200,1,IT Professional,Walk-in,Festive Offer,11,2,1,Yes,2532000,9.04,20,Gym,No,Unfurnished,North,Home Loan,Sold,90
SRP100775,CUST100775,Srijan Courtyard,Penthouse,3 BHK,Kolkata,Garia,700107,22.535496,88.426398,578,27,27,6326,3656428,0,3656428,2/20/2023,4/8/2024,49,38700,5,Other,Referral,Premium Launch,11,5,0,No,0,0,0,"Gym,Pool,Clubhouse",Yes,Unfurnished,South,Self Funded,Available,
SRP100776,CUST100776,Srijan Gardenia,Apartment,4 BHK,Kolkata,Dum Dum,700102,22.495647,88.488747,1463,3,13,6010,8792630,3.99,8441804,12/16/2025,1/1/2027,21,71400,3,Self Employed,Website,Summer Sale,8,2,2,Yes,4284000,7.2,20,"Gym,Pool",Yes,Unfurnished,East,Self Funded,Sold,126
SRP100777,CUST100777,Srijan Prime,Apartment,2 BHK,Kolkata,Rajarhat,700019,22.738368,88.443694,1202,25,25,6789,8160378,4.85,7764600,10/28/2022,4/20/2024,33,152500,2,IT Professional,Facebook,New Year Campaign,6,2,4,Yes,5880069,8.09,30,Clubhouse,Yes,Semi-Furnished,North-East,Home Loan,Available,
SRP100778,CUST100778,Srijan Harmony,Apartment,1 BHK,Kolkata,Barasat,700124,22.727871,88.544112,1742,22,30,3701,6447142,4.19,6177007,9/3/2024,10/14/2026,47,26100,2,Business Owner,Property Portal,New Year Campaign,9,4,1,Yes,1566000,7.28,15,Gym,Yes,Unfurnished,East,Mixed,Available,
SRP100779,CUST100779,Srijan Meadows,Apartment,4 BHK,Kolkata,Ballygunge,700124,22.471413,88.418495,1163,19,33,10034,11669542,6.03,10965869,8/28/2024,10/26/2026,40,111300,1,Business Owner,Walk-in,Summer Sale,9,1,1,Yes,6678000,8.18,20,Clubhouse,No,Semi-Furnished,East,Home Loan,Available,
SRP100780,CUST100780,Srijan Residency,Apartment,4 BHK,Kolkata,Howrah,700124,22.71402,88.320423,1359,14,31,6604,8974836,5.71,8462373,12/4/2023,2/24/2025,22,69600,5,Self Employed,Walk-in,New Year Campaign,11,2,1,Yes,4176000,8.39,15,"Gym,Pool",No,Semi-Furnished,South-East,Home Loan,Available,
SRP100781,CUST100781,Srijan Prime,Apartment,4 BHK,Kolkata,Barasat,700084,22.651233,88.423688,562,5,5,7833,4402146,8.02,4049094,3/17/2024,12/23/2025,34,36800,3,IT Professional,Broker,New Year Campaign,5,0,3,Yes,2208000,8.63,25,Basic,Yes,Unfurnished,South-East,Home Loan,Sold,109
SRP100782,CUST100782,Srijan Greenview,Apartment,2 BHK,Kolkata,Barasat,700084,22.709987,88.357195,1411,12,23,6644,9374684,1.89,9197502,6/26/2024,10/30/2025,34,82800,3,Business Owner,Broker,Summer Sale,11,1,0,Yes,4968000,8.71,25,Clubhouse,Yes,Semi-Furnished,North-East,Home Loan,Available,
SRP100783,CUST100783,Srijan Meadows,Villa,2 BHK,Kolkata,Salt Lake,700064,22.704234,88.519572,1332,17,27,7596,10117872,5.34,9577578,9/18/2023,9/8/2024,43,65700,2,Private Employee,Instagram,New Year Campaign,6,1,1,No,0,0,0,Clubhouse,Yes,Fully Furnished,North,Home Loan,Sold,55
SRP100784,CUST100784,Srijan Prime,Apartment,5 BHK,Kolkata,New Town,700107,22.51709,88.507608,856,8,30,5221,4469176,5.44,4226053,3/19/2025,9/8/2025,34,31600,4,Other,Website,Monsoon Offer,10,0,0,Yes,1896000,8.19,20,Swimming Pool,No,Semi-Furnished,North,Home Loan,Sold,96
SRP100785,CUST100785,Srijan Courtyard,Apartment,3 BHK,Kolkata,Howrah,700019,22.632474,88.362769,1343,29,29,4964,6666652,11.11,5925987,8/2/2023,4/12/2024,27,240200,4,IT Professional,Email Campaign,New Year Campaign,9,5,2,Yes,3466311,9.7,20,Gym,Yes,Semi-Furnished,North-East,Mixed,Sold,12
SRP100786,CUST100786,Srijan Residency,Apartment,3 BHK,Kolkata,Rajarhat,700107,22.460904,88.492023,1223,27,27,6694,8186762,2.27,8000923,4/20/2022,5/31/2024,33,132500,5,Self Employed,Website,Digital Awareness,2,1,1,Yes,5232130,8.94,15,Gym,Yes,Semi-Furnished,North,Home Loan,Available,
SRP100787,CUST100787,Srijan Courtyard,Apartment,3 BHK,Kolkata,Behala,700033,22.745749,88.339261,1185,13,26,6347,7521195,4.21,7204553,11/29/2022,5/24/2024,52,48600,4,Engineer,Email Campaign,Referral Drive,7,2,1,Yes,2916000,9.02,30,"Gym,Clubhouse",No,Semi-Furnished,South-East,Self Funded,Negotiation,
SRP100788,CUST100788,Srijan Residency,Apartment,3 BHK,Kolkata,Tollygunge,700033,22.678265,88.524531,980,9,28,6414,6285720,0,6285720,2/9/2025,1/28/2026,33,95100,2,Teacher,Website,Monsoon Offer,4,1,1,No,0,0,0,"Gym,Clubhouse",Yes,Fully Furnished,North,Home Loan,Sold,112
SRP100789,CUST100789,Srijan Greenview,Villa,3 BHK,Kolkata,Ballygunge,700052,22.573277,88.537278,845,23,23,8009,6767605,6.62,6319590,9/26/2022,4/16/2024,52,110800,1,IT Professional,Referral,New Year Campaign,8,2,1,No,0,0,0,Clubhouse,Yes,Unfurnished,South-East,Mixed,Negotiation,
SRP100790,CUST100790,Srijan Meadows,Apartment,4 BHK,Kolkata,Ballygunge,700084,22.64102,88.253392,450,5,34,10967,4935150,4.66,4705172,3/14/2023,4/26/2025,35,66600,4,Other,Broker,Referral Drive,10,2,2,Yes,2986768,8.26,30,"Gym,Pool,Clubhouse",No,Fully Furnished,West,Mixed,Available,
SRP100791,CUST100791,Srijan Harmony,Plot,2 BHK,Kolkata,Sonarpur,700124,22.534791,88.530297,1883,19,34,6365,11985295,4.58,11436368,1/18/2024,4/21/2024,29,155900,2,IT Professional,Instagram,Summer Sale,16,0,1,No,0,0,0,Park,Yes,Unfurnished,West,Home Loan,Sold,43
SRP100792,CUST100792,Srijan Courtyard,Villa,2 BHK,Kolkata,EM Bypass,700107,22.582261,88.320016,1553,29,29,5676,8814828,9.76,7954501,9/22/2024,2/8/2025,40,125600,2,Other,Instagram,Monsoon Offer,10,2,3,Yes,5554195,9.05,25,"Gym,Pool,Clubhouse",Yes,Unfurnished,East,Home Loan,Available,
SRP100793,CUST100793,Srijan Courtyard,Apartment,2 BHK,Kolkata,Barasat,700064,22.45936,88.474362,1049,10,26,4017,4213833,5.99,3961424,6/22/2022,3/13/2024,29,39500,4,Engineer,Website,Premium Launch,7,2,1,Yes,2370000,9.06,20,Clubhouse,Yes,Semi-Furnished,South-East,Home Loan,Available,
SRP100794,CUST100794,Srijan Enclave,Villa,5 BHK,Kolkata,Rajarhat,700124,22.698096,88.304528,1295,9,20,6175,7996625,7.44,7401676,12/7/2022,5/10/2024,47,67900,6,Teacher,Instagram,Summer Sale,9,4,0,Yes,4074000,8.87,20,Swimming Pool,Yes,Fully Furnished,North,Mixed,Available,
SRP100795,CUST100795,Srijan Residency,Apartment,4 BHK,Kolkata,New Town,700107,22.500934,88.458387,1118,15,22,7143,7985874,0.65,7933966,7/20/2022,10/31/2023,44,107500,2,Engineer,Website,Premium Launch,6,8,1,No,0,0,0,Park,No,Semi-Furnished,South,Home Loan,Negotiation,
SRP100796,CUST100796,Srijan Urban Vista,Apartment,4 BHK,Kolkata,EM Bypass,700124,22.470057,88.335791,1253,20,22,5870,7355110,2.86,7144754,9/14/2023,2/7/2025,43,127600,3,Teacher,Property Portal,Digital Awareness,8,2,1,Yes,3541016,8.39,20,Gym,Yes,Unfurnished,South-East,Mixed,Sold,60
SRP100797,CUST100797,Srijan Meadows,Apartment,2 BHK,Kolkata,Behala,700064,22.55809,88.461813,1399,15,20,7206,10081194,5.25,9551931,4/17/2023,11/30/2024,40,41900,5,Government Employee,Website,New Year Campaign,10,1,1,Yes,2514000,7.6,20,Gym,Yes,Semi-Furnished,North,Home Loan,Sold,43
SRP100798,CUST100798,Srijan Residency,Villa,3 BHK,Kolkata,Behala,700124,22.628161,88.271921,821,2,27,6089,4999069,4.3,4784109,12/10/2024,8/27/2026,46,46100,3,Business Owner,Property Portal,Summer Sale,6,5,1,No,0,0,0,"Gym,Pool",No,Unfurnished,South,Mixed,Available,
SRP100799,CUST100799,Srijan Enclave,Penthouse,4 BHK,Kolkata,Tollygunge,700084,22.691173,88.260466,1969,10,24,9101,17919869,0.94,17751422,11/26/2023,8/6/2025,44,74700,1,Self Employed,Google Ads,Festive Offer,5,5,1,Yes,4482000,7.2,20,"Pool,Park",Yes,Semi-Furnished,South,Home Loan,Sold,83
SRP100800,CUST100800,Srijan Realty Heights,Apartment,3 BHK,Kolkata,Dum Dum,700084,22.629797,88.469073,960,8,26,6782,6510720,2.87,6323862,2/18/2025,5/26/2027,41,25700,4,Teacher,Broker,Monsoon Offer,5,6,0,Yes,1542000,8.43,15,"Gym,Clubhouse",No,Semi-Furnished,South-East,Self Funded,Available,
SRP100801,CUST100801,Srijan Residency,Apartment,4 BHK,Kolkata,Ballygunge,700033,22.734666,88.288068,1557,16,16,7712,12007584,3.54,11582516,1/2/2025,3/14/2027,38,161200,4,Doctor,Facebook,New Year Campaign,6,2,3,Yes,8504513,8.95,25,Swimming Pool,No,Unfurnished,South,Self Funded,Negotiation,
SRP100802,CUST100802,Srijan Harmony,Apartment,1 BHK,Kolkata,Salt Lake,700019,22.725014,88.318973,1288,17,17,4069,5240872,8.08,4817410,2/25/2022,1/30/2024,40,112900,3,Government Employee,Broker,Digital Awareness,10,2,0,Yes,2633805,7.48,15,Swimming Pool,No,Semi-Furnished,South-East,Self Funded,Sold,61
SRP100803,CUST100803,Srijan Meadows,Apartment,2 BHK,Kolkata,Howrah,711101,22.519132,88.331865,1533,12,22,7895,12103035,5.67,11416793,4/7/2023,8/12/2024,49,61500,3,Government Employee,Facebook,Festive Offer,11,2,0,Yes,3690000,9.48,20,"Pool,Park",Yes,Fully Furnished,North-East,Mixed,Available,
SRP100804,CUST100804,Srijan Enclave,Apartment,1 BHK,Kolkata,Barasat,700084,22.734059,88.458419,1924,4,24,5285,10168340,4.57,9703647,3/26/2023,4/21/2024,34,96400,4,Teacher,Facebook,Summer Sale,9,3,2,Yes,5710384,8.01,20,Park,Yes,Unfurnished,South,Mixed,Available,
SRP100805,CUST100805,Srijan Realty Heights,Apartment,2 BHK,Kolkata,EM Bypass,711101,22.527151,88.528681,916,28,28,6483,5938428,5.49,5612408,2/28/2022,8/1/2022,32,85600,3,Engineer,Website,Summer Sale,5,3,2,Yes,3090757,7.52,20,Swimming Pool,Yes,Semi-Furnished,North,Mixed,Sold,44
SRP100806,CUST100806,Srijan Gardenia,Apartment,2 BHK,Kolkata,Rajarhat,700019,22.53672,88.532017,450,3,28,4613,2075850,0,2075850,1/27/2023,3/29/2024,46,102800,4,Doctor,Website,Premium Launch,9,0,0,No,0,0,0,"Gym,Pool",Yes,Semi-Furnished,South,Self Funded,Available,
SRP100807,CUST100807,Srijan Enclave,Apartment,3 BHK,Kolkata,Behala,700102,22.492159,88.394758,1783,17,33,6958,12406114,3.49,11973141,2/7/2023,4/27/2024,46,265600,5,Self Employed,Walk-in,Referral Drive,11,5,0,Yes,9600929,8.48,25,Clubhouse,Yes,Unfurnished,South-East,Mixed,Sold,122
SRP100808,CUST100808,Srijan Gardenia,Apartment,3 BHK,Kolkata,New Town,700102,22.617183,88.351582,1238,12,12,6132,7591416,8.38,6955255,11/21/2024,1/27/2026,34,70900,4,Other,Referral,Festive Offer,10,3,0,Yes,4254000,7.6,30,"Gym,Pool,Clubhouse",Yes,Semi-Furnished,North,Self Funded,Sold,56
SRP100809,CUST100809,Srijan Meadows,Apartment,3 BHK,Kolkata,EM Bypass,700091,22.510064,88.327564,1057,2,15,6739,7123123,12.52,6231308,3/31/2023,11/1/2024,30,152800,5,Other,Walk-in,Digital Awareness,2,3,2,Yes,3052752,8.95,25,"Pool,Park",No,Unfurnished,West,Mixed,Sold,40
SRP100810,CUST100810,Srijan Courtyard,Apartment,1 BHK,Kolkata,Ballygunge,700124,22.542524,88.434569,850,20,21,10218,8685300,0.67,8627108,10/4/2025,10/21/2026,33,159600,3,IT Professional,Referral,Premium Launch,11,3,0,No,0,0,0,Clubhouse,Yes,Unfurnished,West,Self Funded,Negotiation,
SRP100811,CUST100811,Srijan Enclave,Apartment,1 BHK,Kolkata,Ballygunge,700019,22.58318,88.415325,853,8,8,11527,9832531,2.76,9561153,8/24/2024,7/24/2026,21,75800,5,Self Employed,Walk-in,Referral Drive,12,2,1,Yes,4548000,9.29,25,Park,Yes,Semi-Furnished,West,Mixed,Sold,43
SRP100812,CUST100812,Srijan Greenview,Apartment,3 BHK,Kolkata,Salt Lake,700052,22.639586,88.532702,620,16,16,5761,3571820,1.82,3506813,7/24/2024,1/23/2025,34,74300,4,Business Owner,Email Campaign,Digital Awareness,10,1,1,Yes,1868384,8.89,25,Gym,Yes,Semi-Furnished,North,Self Funded,Negotiation,
SRP100813,CUST100813,Srijan Gardenia,Apartment,2 BHK,Kolkata,Salt Lake,700052,22.599644,88.333497,1497,15,28,5453,8163141,9.07,7422744,8/25/2025,7/31/2026,43,83600,4,Teacher,Email Campaign,Festive Offer,9,5,0,Yes,3515377,8.41,20,Gym,No,Semi-Furnished,South,Self Funded,Available,
SRP100814,CUST100814,Srijan Harmony,Apartment,2 BHK,Kolkata,New Town,711101,22.748408,88.437622,793,12,15,8814,6989502,7.81,6443622,10/9/2024,6/18/2026,50,152400,3,Private Employee,Website,Referral Drive,12,4,0,No,0,0,0,Gym,No,Unfurnished,North,Mixed,Sold,60
SRP100815,CUST100815,Srijan Greenview,Villa,3 BHK,Kolkata,Dum Dum,700019,22.745716,88.474732,1575,18,18,4919,7747425,3.05,7511129,7/21/2024,8/28/2025,28,33000,3,Engineer,Website,Premium Launch,7,3,1,No,0,0,0,Gym,Yes,Semi-Furnished,West,Mixed,Sold,84
SRP100816,CUST100816,Srijan Prime,Apartment,3 BHK,Kolkata,New Town,700102,22.551833,88.425617,1021,7,21,3500,3573500,6.85,3328715,9/23/2024,11/27/2026,28,107000,2,Government Employee,Broker,Referral Drive,7,1,0,Yes,2315629,9.04,15,"Gym,Pool",Yes,Semi-Furnished,North-East,Self Funded,Available,
SRP100817,CUST100817,Srijan Prime,Penthouse,3 BHK,Kolkata,Rajarhat,700107,22.628303,88.296002,1439,20,20,3573,5141547,4.45,4912748,8/26/2025,2/14/2026,36,79500,7,Other,Property Portal,Referral Drive,9,3,0,Yes,3689445,9.45,25,Swimming Pool,No,Semi-Furnished,North,Home Loan,Sold,64
SRP100818,CUST100818,Srijan Realty Heights,Apartment,4 BHK,Kolkata,Tollygunge,700084,22.536636,88.461439,1648,9,10,6068,10000064,8.97,9103058,12/20/2024,11/30/2025,33,148900,2,Teacher,Broker,Premium Launch,2,2,0,Yes,4516787,8.96,20,Basic,No,Unfurnished,North-East,Home Loan,Sold,74
SRP100819,CUST100819,Srijan Courtyard,Plot,3 BHK,Kolkata,Rajarhat,700091,22.517028,88.549009,1433,5,8,4304,6167632,3.34,5961633,11/27/2025,7/31/2027,33,124700,4,Private Employee,Broker,Summer Sale,6,1,0,No,0,0,0,"Gym,Clubhouse",Yes,Semi-Furnished,South-East,Home Loan,Sold,30
SRP100820,CUST100820,Srijan Meadows,Apartment,2 BHK,Kolkata,Behala,700033,22.589825,88.399116,940,25,25,7714,7251160,7.39,6715299,12/24/2024,12/4/2025,42,154100,1,Private Employee,Referral,New Year Campaign,7,3,3,Yes,3083421,8.87,15,Basic,Yes,Fully Furnished,North,Home Loan,Available,
SRP100821,CUST100821,Srijan Enclave,Apartment,4 BHK,Kolkata,Tollygunge,711101,22.699685,88.251696,928,24,24,5559,5158752,2.47,5031331,5/12/2022,1/1/2024,34,58200,5,Business Owner,Referral,New Year Campaign,6,3,3,Yes,3492000,9.88,20,"Gym,Pool",No,Unfurnished,West,Home Loan,Sold,69
SRP100822,CUST100822,Srijan Urban Vista,Villa,3 BHK,Kolkata,Ballygunge,700052,22.691412,88.547598,823,3,31,7132,5869636,5.09,5570872,2/14/2025,1/6/2027,33,39200,6,IT Professional,Instagram,Premium Launch,8,3,0,No,0,0,0,"Gym,Clubhouse",Yes,Semi-Furnished,North-East,Self Funded,Sold,25
SRP100823,CUST100823,Srijan Harmony,Apartment,2 BHK,Kolkata,Ballygunge,700019,22.54826,88.489236,1101,9,14,8068,8882868,8.61,8118053,3/9/2025,6/27/2027,35,61400,3,Doctor,Instagram,Festive Offer,5,0,2,No,0,0,0,Gym,Yes,Semi-Furnished,West,Home Loan,Negotiation,
SRP100824,CUST100824,Srijan Gardenia,Apartment,5 BHK,Kolkata,Rajarhat,700124,22.565253,88.441579,1000,8,31,6016,6016000,5.4,5691136,4/23/2022,2/9/2024,38,57800,3,IT Professional,Property Portal,Monsoon Offer,7,1,0,No,0,0,0,"Gym,Pool",Yes,Semi-Furnished,South,Self Funded,Available,
SRP100825,CUST100825,Srijan Meadows,Apartment,2 BHK,Kolkata,Garia,700019,22.466314,88.456089,926,10,10,5740,5315240,5.44,5026091,10/15/2022,5/27/2023,42,66500,3,Business Owner,Referral,Monsoon Offer,7,3,2,Yes,2417942,9.02,20,"Gym,Clubhouse",No,Semi-Furnished,South-East,Home Loan,Sold,66
SRP100826,CUST100826,Srijan Greenview,Apartment,3 BHK,Kolkata,Sonarpur,700102,22.459092,88.255591,1362,16,20,6007,8181534,0.94,8104628,6/21/2022,5/20/2024,34,65200,3,IT Professional,Facebook,Summer Sale,6,1,1,No,0,0,0,Park,Yes,Unfurnished,South-East,Self Funded,Negotiation,
SRP100827,CUST100827,Srijan Prime,Apartment,4 BHK,Kolkata,Salt Lake,700064,22.501461,88.478343,1170,20,33,5542,6484140,6.96,6032844,3/29/2022,9/22/2022,35,59700,5,Self Employed,Website,Monsoon Offer,7,1,3,Yes,3582000,9.79,20,"Pool,Park",Yes,Unfurnished,North,Home Loan,Negotiation,
SRP100828,CUST100828,Srijan Harmony,Apartment,2 BHK,Kolkata,New Town,700084,22.513899,88.296754,1210,27,27,6985,8451850,5.51,7986153,1/11/2024,7/29/2024,42,49600,4,Teacher,Broker,New Year Campaign,8,2,0,Yes,2976000,8.89,25,Clubhouse,Yes,Semi-Furnished,East,Home Loan,Available,
SRP100829,CUST100829,Srijan Urban Vista,Apartment,3 BHK,Kolkata,Barasat,700084,22.461355,88.389447,450,8,10,6535,2940750,5.61,2775774,10/18/2022,3/28/2024,28,57300,5,Business Owner,Broker,Digital Awareness,8,1,2,Yes,1384581,8.32,20,Gym,Yes,Semi-Furnished,North,Home Loan,Sold,11
SRP100830,CUST100830,Srijan Enclave,Apartment,3 BHK,Kolkata,Howrah,700064,22.562124,88.517281,1036,3,34,6644,6883184,6.86,6410998,10/18/2023,12/3/2024,42,57200,3,Government Employee,Referral,Digital Awareness,8,6,3,Yes,3432000,8.23,20,"Gym,Pool,Clubhouse",No,Fully Furnished,North-East,Home Loan,Negotiation,
SRP100831,CUST100831,Srijan Realty Heights,Apartment,2 BHK,Kolkata,Salt Lake,700102,22.7334,88.312993,1545,3,32,7478,11553510,0.24,11525782,5/4/2023,11/10/2024,36,77900,3,Government Employee,Website,New Year Campaign,8,1,3,Yes,4674000,8.56,20,"Gym,Pool",Yes,Semi-Furnished,North-East,Home Loan,Sold,64
SRP100832,CUST100832,Srijan Urban Vista,Apartment,4 BHK,Kolkata,Dum Dum,700091,22.5281,88.543913,1007,13,14,7705,7758935,8.23,7120375,1/17/2022,4/17/2022,24,25000,4,Engineer,Broker,New Year Campaign,8,4,1,Yes,1500000,7.55,20,"Gym,Clubhouse",Yes,Fully Furnished,South,Home Loan,Available,
SRP100833,CUST100833,Srijan Harmony,Villa,1 BHK,Kolkata,EM Bypass,700124,22.524739,88.285881,1086,3,13,7384,8019024,0.42,7985344,11/29/2023,5/19/2025,36,116300,3,Business Owner,Facebook,Premium Launch,10,4,2,Yes,4532748,7.38,20,Basic,No,Semi-Furnished,North-East,Home Loan,Available,
SRP100834,CUST100834,Srijan Urban Vista,Apartment,3 BHK,Kolkata,Behala,711101,22.464656,88.265582,1222,17,17,6227,7609394,7.16,7064561,8/25/2024,4/23/2026,30,172800,2,Other,Website,Digital Awareness,8,2,2,Yes,3752670,8.82,15,"Gym,Pool",Yes,Semi-Furnished,North-East,Home Loan,Available,
SRP100835,CUST100835,Srijan Harmony,Apartment,3 BHK,Kolkata,Dum Dum,711101,22.559457,88.528103,1538,10,30,5786,8898868,0,8898868,5/7/2022,8/30/2022,52,112000,3,Business Owner,Website,Monsoon Offer,5,6,2,No,0,0,0,Basic,No,Unfurnished,East,Mixed,Negotiation,
SRP100836,CUST100836,Srijan Harmony,Apartment,3 BHK,Kolkata,EM Bypass,700019,22.74779,88.363175,1850,5,27,5416,10019600,4.01,9617814,9/19/2023,9/21/2025,34,55400,3,Doctor,Instagram,Summer Sale,9,1,2,Yes,3324000,9.93,15,"Gym,Pool,Clubhouse",No,Semi-Furnished,East,Home Loan,Negotiation,
SRP100837,CUST100837,Srijan Residency,Apartment,3 BHK,Kolkata,Salt Lake,711101,22.678876,88.518093,541,22,22,5191,2808331,8.57,2567657,10/23/2025,1/25/2027,33,101500,4,Self Employed,Walk-in,Summer Sale,10,3,1,Yes,1399042,10.49,20,Gym,No,Fully Furnished,South,Home Loan,Negotiation,
SRP100838,CUST100838,Srijan Gardenia,Apartment,2 BHK,Kolkata,Howrah,711101,22.557274,88.417997,1295,18,32,6810,8818950,4.25,8444145,12/25/2024,7/26/2025,21,51600,1,Teacher,Walk-in,New Year Campaign,8,6,1,Yes,3096000,8.93,25,Park,Yes,Unfurnished,East,Mixed,Available,
SRP100839,CUST100839,Srijan Prime,Penthouse,4 BHK,Kolkata,Barasat,700019,22.531002,88.414972,1241,2,17,6630,8227830,9.38,7456060,10/2/2022,4/21/2023,31,45400,5,Business Owner,Broker,Festive Offer,7,2,4,No,0,0,0,Swimming Pool,No,Semi-Furnished,South,Mixed,Sold,26
SRP100840,CUST100840,Srijan Residency,Apartment,2 BHK,Kolkata,Garia,700084,22.695835,88.459389,1956,13,28,6263,12250428,1.37,12082597,10/29/2024,4/16/2025,32,90500,3,Self Employed,Email Campaign,Festive Offer,7,3,2,Yes,5430000,8.69,20,Park,Yes,Fully Furnished,North-East,Home Loan,Available,
SRP100841,CUST100841,Srijan Enclave,Apartment,3 BHK,Kolkata,Howrah,700084,22.525375,88.472792,1109,2,7,9513,10549917,10.8,9410526,12/11/2024,1/18/2027,21,171500,2,IT Professional,Referral,Festive Offer,7,1,1,No,0,0,0,Swimming Pool,Yes,Semi-Furnished,East,Home Loan,Sold,63
SRP100842,CUST100842,Srijan Residency,Apartment,3 BHK,Kolkata,Salt Lake,700107,22.533931,88.410232,983,14,27,4087,4017521,6.76,3745937,1/1/2022,11/24/2022,34,76000,5,Teacher,Walk-in,Monsoon Offer,8,3,1,No,0,0,0,"Gym,Pool,Clubhouse",Yes,Semi-Furnished,South,Home Loan,Negotiation,
SRP100843,CUST100843,Srijan Courtyard,Apartment,3 BHK,Kolkata,Rajarhat,700107,22.744357,88.327571,1382,21,21,5601,7740582,3.99,7431733,5/28/2024,10/2/2025,29,55200,4,Doctor,Facebook,Summer Sale,10,2,2,No,0,0,0,"Gym,Clubhouse",No,Fully Furnished,North-East,Self Funded,Available,
SRP100844,CUST100844,Srijan Courtyard,Apartment,3 BHK,Kolkata,Salt Lake,700064,22.606315,88.372579,450,25,25,6540,2943000,2.75,2862068,10/9/2023,4/8/2025,40,46800,4,Business Owner,Email Campaign,New Year Campaign,12,2,1,Yes,1350839,8.43,25,"Gym,Pool,Clubhouse",Yes,Unfurnished,South-East,Mixed,Negotiation,
SRP100845,CUST100845,Srijan Prime,Plot,3 BHK,Kolkata,Garia,700107,22.662251,88.409516,1247,16,28,5102,6362194,6.56,5944834,10/25/2024,2/11/2025,32,107600,3,IT Professional,Google Ads,New Year Campaign,9,5,1,Yes,4981509,8.96,15,Basic,No,Semi-Furnished,North,Mixed,Available,
SRP100846,CUST100846,Srijan Urban Vista,Apartment,3 BHK,Kolkata,Rajarhat,700033,22.600398,88.496955,1373,23,23,9120,12521760,1.89,12285099,5/12/2022,10/28/2022,34,57200,4,Teacher,Walk-in,Summer Sale,8,4,2,Yes,3432000,8.74,20,"Gym,Pool",No,Semi-Furnished,East,Mixed,Negotiation,
SRP100847,CUST100847,Srijan Gardenia,Apartment,2 BHK,Kolkata,Tollygunge,711101,22.670365,88.448226,818,13,26,6471,5293278,9.08,4812648,1/29/2025,6/26/2025,36,86000,3,Other,Email Campaign,Summer Sale,7,5,1,Yes,2336489,9.44,30,Gym,Yes,Fully Furnished,North,Mixed,Negotiation,
SRP100848,CUST100848,Srijan Prime,Apartment,2 BHK,Kolkata,Ballygunge,700102,22.681725,88.488086,1397,27,27,8816,12315952,5.47,11642269,5/10/2024,5/14/2025,36,70400,3,Business Owner,Facebook,New Year Campaign,10,1,3,Yes,4224000,10.24,15,"Gym,Clubhouse",Yes,Semi-Furnished,South,Home Loan,Sold,7
SRP100849,CUST100849,Srijan Harmony,Apartment,3 BHK,Kolkata,Tollygunge,711101,22.538806,88.448818,1496,1,31,7262,10863952,2.91,10547811,3/17/2022,3/31/2023,52,25000,5,Business Owner,Broker,Digital Awareness,9,3,1,No,0,0,0,"Gym,Clubhouse",No,Unfurnished,South,Self Funded,Available,
SRP100850,CUST100850,Srijan Greenview,Apartment,2 BHK,Kolkata,Salt Lake,700019,22.702943,88.516554,1530,16,16,5346,8179380,5.48,7731150,5/24/2022,10/29/2022,29,262600,4,Doctor,Property Portal,Festive Offer,6,3,1,Yes,5150667,7.84,20,"Gym,Pool,Clubhouse",No,Semi-Furnished,North-East,Mixed,Negotiation,
SRP100851,CUST100851,Srijan Gardenia,Penthouse,2 BHK,Kolkata,Ballygunge,700107,22.65238,88.405675,860,6,9,10899,9373140,3.91,9006650,7/17/2023,10/14/2024,34,32300,5,Other,Walk-in,New Year Campaign,9,2,3,Yes,1938000,9.08,30,Clubhouse,Yes,Semi-Furnished,South-East,Self Funded,Sold,53
SRP100852,CUST100852,Srijan Gardenia,Apartment,2 BHK,Kolkata,Dum Dum,700019,22.549798,88.363985,831,14,25,7480,6215880,7.03,5778904,3/13/2023,3/8/2025,31,71100,6,Doctor,Walk-in,Digital Awareness,9,3,0,Yes,2961169,8.52,20,"Gym,Pool,Clubhouse",Yes,Semi-Furnished,North-East,Mixed,Negotiation,
SRP100853,CUST100853,Srijan Harmony,Apartment,3 BHK,Kolkata,Rajarhat,711101,22.605803,88.529013,801,12,31,3829,3067029,5.38,2902023,10/6/2024,8/3/2025,43,55500,2,Private Employee,Website,Monsoon Offer,15,1,1,Yes,2279392,8.04,20,Gym,No,Semi-Furnished,East,Home Loan,Sold,81
SRP100854,CUST100854,Srijan Harmony,Penthouse,2 BHK,Kolkata,Howrah,700102,22.705084,88.312395,787,24,24,5281,4156147,13.1,3611692,8/29/2025,10/7/2027,46,31300,4,Government Employee,Property Portal,Referral Drive,13,2,2,No,0,0,0,"Gym,Pool",Yes,Semi-Furnished,East,Home Loan,Available,
SRP100855,CUST100855,Srijan Realty Heights,Apartment,3 BHK,Kolkata,Ballygunge,700033,22.676798,88.316889,1148,15,17,10384,11920832,2.92,11572744,5/3/2024,7/26/2026,42,101600,4,Engineer,Referral,Digital Awareness,7,5,3,Yes,6096000,8.1,20,"Gym,Pool",No,Semi-Furnished,South-East,Home Loan,Available,
SRP100856,CUST100856,Srijan Prime,Plot,2 BHK,Kolkata,Sonarpur,700084,22.682257,88.451826,915,16,16,7329,6706035,0.86,6648363,9/17/2025,3/1/2027,35,66200,3,Doctor,Broker,Digital Awareness,8,2,1,No,0,0,0,"Gym,Clubhouse",Yes,Unfurnished,West,Home Loan,Sold,54
SRP100857,CUST100857,Srijan Harmony,Apartment,2 BHK,Kolkata,Sonarpur,700102,22.470591,88.513142,668,17,19,6995,4672660,1.26,4613784,6/14/2023,6/1/2024,31,25000,3,Self Employed,Website,Festive Offer,7,2,1,Yes,1500000,8.37,20,"Gym,Pool,Clubhouse",Yes,Semi-Furnished,South,Home Loan,Sold,82
SRP100858,CUST100858,Srijan Courtyard,Villa,4 BHK,Kolkata,Garia,700084,22.704524,88.385027,833,1,19,9486,7901838,10.9,7040538,8/18/2025,12/27/2027,52,187500,4,Self Employed,Website,Festive Offer,9,1,2,No,0,0,0,"Pool,Park",Yes,Fully Furnished,North,Home Loan,Sold,8
SRP100859,CUST100859,Srijan Enclave,Apartment,4 BHK,Kolkata,Rajarhat,700064,22.660333,88.477481,985,20,29,4704,4633440,7.88,4268325,2/17/2024,7/13/2024,44,65700,3,Government Employee,Google Ads,Festive Offer,8,4,2,No,0,0,0,"Pool,Park",No,Unfurnished,West,Home Loan,Negotiation,
SRP100860,CUST100860,Srijan Greenview,Apartment,2 BHK,Kolkata,New Town,700084,22.737467,88.334915,1005,11,30,7238,7274190,9.02,6618058,12/27/2024,4/12/2027,43,155800,4,Business Owner,Email Campaign,Monsoon Offer,8,2,1,Yes,3859562,8.41,20,Gym,No,Unfurnished,South-East,Mixed,Sold,16
SRP100861,CUST100861,Srijan Prime,Penthouse,2 BHK,Kolkata,New Town,700124,22.498084,88.284284,494,10,31,5133,2535702,5.87,2386856,8/11/2023,11/24/2024,49,119400,4,Business Owner,Walk-in,Festive Offer,10,6,3,Yes,1275657,7.73,20,Gym,Yes,Semi-Furnished,West,Home Loan,Available,
SRP100862,CUST100862,Srijan Meadows,Apartment,5 BHK,Kolkata,Sonarpur,700084,22.48927,88.520974,925,3,28,6663,6163275,6.83,5742323,12/11/2023,4/13/2024,24,39100,4,Government Employee,Email Campaign,Premium Launch,8,3,1,Yes,2346000,9.63,15,Gym,Yes,Semi-Furnished,South-East,Mixed,Negotiation,
SRP100863,CUST100863,Srijan Courtyard,Apartment,2 BHK,Kolkata,Rajarhat,711101,22.592391,88.416208,1736,16,33,6682,11599952,3.17,11232234,7/1/2023,5/26/2025,34,59300,3,Government Employee,Email Campaign,Monsoon Offer,6,5,0,No,0,0,0,Swimming Pool,Yes,Fully Furnished,North-East,Mixed,Sold,79
SRP100864,CUST100864,Srijan Urban Vista,Apartment,4 BHK,Kolkata,Rajarhat,700084,22.597927,88.446031,1191,2,8,6772,8065452,3.28,7800905,11/21/2023,2/12/2025,46,209200,4,Other,Referral,Premium Launch,11,5,1,No,0,0,0,"Gym,Pool,Clubhouse",Yes,Unfurnished,West,Home Loan,Sold,70
SRP100865,CUST100865,Srijan Harmony,Apartment,2 BHK,Kolkata,Barasat,700124,22.512585,88.413234,2008,20,27,7473,15005784,4.15,14383044,4/26/2024,9/18/2026,56,114800,3,Doctor,Property Portal,New Year Campaign,5,6,2,No,0,0,0,"Gym,Clubhouse",Yes,Semi-Furnished,East,Home Loan,Sold,133
SRP100866,CUST100866,Srijan Meadows,Penthouse,3 BHK,Kolkata,New Town,700019,22.486465,88.311089,805,4,12,8146,6557530,8.89,5974566,4/18/2024,10/14/2025,47,103900,4,Other,Instagram,Festive Offer,5,0,1,Yes,2749784,9.73,15,"Gym,Pool,Clubhouse",Yes,Semi-Furnished,South,Home Loan,Available,
SRP100867,CUST100867,Srijan Harmony,Penthouse,2 BHK,Kolkata,Behala,700107,22.666795,88.410569,1412,8,8,4782,6752184,5.55,6377438,3/1/2025,2/21/2027,42,63700,4,Doctor,Email Campaign,Monsoon Offer,7,5,1,Yes,3822000,9.04,15,"Gym,Pool,Clubhouse",Yes,Fully Furnished,North-East,Mixed,Sold,47
SRP100868,CUST100868,Srijan Gardenia,Apartment,2 BHK,Kolkata,Tollygunge,700102,22.701721,88.314953,1418,17,26,8146,11551028,7.34,10703183,11/28/2024,8/22/2026,35,55300,3,Private Employee,Broker,Festive Offer,5,2,1,No,0,0,0,"Gym,Pool,Clubhouse",No,Unfurnished,West,Self Funded,Negotiation,
SRP100869,CUST100869,Srijan Courtyard,Penthouse,2 BHK,Kolkata,Tollygunge,700019,22.618011,88.338987,507,7,15,6857,3476499,1.35,3429566,10/26/2025,6/26/2027,26,103200,2,IT Professional,Walk-in,Premium Launch,7,1,1,Yes,1652458,7.98,20,Park,Yes,Semi-Furnished,South,Mixed,Sold,124
SRP100870,CUST100870,Srijan Gardenia,Penthouse,5 BHK,Kolkata,New Town,700107,22.545965,88.456388,1086,7,7,10539,11445354,6.73,10675082,5/13/2024,8/19/2026,26,57100,3,Other,Broker,Referral Drive,8,2,0,No,0,0,0,"Gym,Clubhouse",Yes,Unfurnished,East,Self Funded,Sold,88
SRP100871,CUST100871,Srijan Realty Heights,Apartment,3 BHK,Kolkata,Garia,700124,22.747134,88.415196,1361,15,28,4380,5961180,7.74,5499785,2/5/2025,7/13/2026,21,65400,3,Doctor,Facebook,New Year Campaign,8,4,2,Yes,3621858,9.06,20,Swimming Pool,Yes,Semi-Furnished,West,Home Loan,Available,
SRP100872,CUST100872,Srijan Gardenia,Apartment,4 BHK,Kolkata,Salt Lake,700084,22.677902,88.28322,450,18,18,7568,3405600,4.26,3260521,7/16/2022,2/1/2024,43,26500,6,Self Employed,Referral,Summer Sale,14,4,0,Yes,1590000,8.78,20,"Gym,Pool,Clubhouse",Yes,Semi-Furnished,North-East,Home Loan,Sold,31
SRP100873,CUST100873,Srijan Realty Heights,Penthouse,4 BHK,Kolkata,Ballygunge,700102,22.57852,88.380214,1427,21,27,6777,9670779,1.68,9508310,12/10/2024,3/6/2026,33,98600,5,Government Employee,Instagram,Premium Launch,4,0,0,Yes,5061938,8.26,20,"Pool,Park",Yes,Semi-Furnished,North-East,Home Loan,Sold,77
SRP100874,CUST100874,Srijan Realty Heights,Plot,2 BHK,Kolkata,Howrah,700124,22.69161,88.332173,1543,21,24,4661,7191923,5.63,6787018,6/7/2025,12/14/2026,26,59400,3,Teacher,Website,Summer Sale,9,2,0,Yes,3564000,8.66,15,"Pool,Park",Yes,Semi-Furnished,North,Home Loan,Available,
SRP100875,CUST100875,Srijan Meadows,Apartment,5 BHK,Kolkata,Dum Dum,700052,22.462354,88.273178,1486,18,23,5927,8807522,4.68,8395330,11/11/2022,1/6/2024,31,72000,4,Engineer,Website,Premium Launch,7,1,2,Yes,4320000,9.3,20,"Gym,Pool,Clubhouse",Yes,Semi-Furnished,South,Self Funded,Negotiation,
SRP100876,CUST100876,Srijan Harmony,Apartment,3 BHK,Kolkata,Howrah,711101,22.601548,88.541974,1618,6,11,6890,11148020,0.4,11103428,6/5/2025,11/24/2026,50,82700,2,IT Professional,Website,Referral Drive,6,3,2,Yes,4962000,7.85,20,"Gym,Pool,Clubhouse",Yes,Fully Furnished,East,Home Loan,Sold,29
SRP100877,CUST100877,Srijan Urban Vista,Apartment,2 BHK,Kolkata,Howrah,700091,22.686869,88.411877,2071,20,28,7137,14780727,6.22,13861366,11/11/2022,4/22/2025,35,58300,2,Other,Property Portal,Digital Awareness,4,2,1,Yes,3498000,8.72,15,"Pool,Park",No,Fully Furnished,South-East,Self Funded,Negotiation,
SRP100878,CUST100878,Srijan Gardenia,Apartment,2 BHK,Kolkata,Barasat,700019,22.549466,88.481587,1404,3,23,6300,8845200,4.47,8449820,4/27/2022,8/26/2024,21,80900,3,IT Professional,Website,Monsoon Offer,13,1,1,Yes,4854000,8.93,30,"Gym,Clubhouse",Yes,Unfurnished,West,Mixed,Sold,83
SRP100879,CUST100879,Srijan Courtyard,Apartment,3 BHK,Kolkata,Behala,700052,22.72541,88.41424,712,3,15,5642,4017104,1.66,3950420,1/19/2023,7/20/2023,57,63600,4,Business Owner,Website,Summer Sale,9,2,2,No,0,0,0,"Gym,Clubhouse",Yes,Unfurnished,North,Home Loan,Sold,8
SRP100880,CUST100880,Srijan Realty Heights,Apartment,3 BHK,Kolkata,Tollygunge,700107,22.571021,88.488452,1127,27,30,4821,5433267,2.47,5299065,11/17/2024,1/18/2026,34,60700,4,IT Professional,Google Ads,Premium Launch,8,3,0,Yes,3642000,8.56,25,"Gym,Pool,Clubhouse",Yes,Semi-Furnished,East,Home Loan,Sold,17
SRP100881,CUST100881,Srijan Harmony,Apartment,2 BHK,Kolkata,New Town,700091,22.678952,88.428472,1245,17,17,6488,8077560,5.17,7659950,10/1/2023,1/3/2025,51,47600,3,Doctor,Google Ads,Premium Launch,10,1,0,No,0,0,0,"Gym,Pool,Clubhouse",Yes,Fully Furnished,West,Home Loan,Negotiation,
SRP100882,CUST100882,Srijan Greenview,Apartment,4 BHK,Kolkata,Garia,700091,22.684461,88.532354,1635,9,14,6485,10602975,0.77,10521332,9/18/2023,12/7/2025,42,52400,2,Doctor,Website,Premium Launch,6,2,0,No,0,0,0,Gym,Yes,Unfurnished,North,Self Funded,Sold,69
SRP100883,CUST100883,Srijan Prime,Apartment,2 BHK,Kolkata,Sonarpur,700064,22.678688,88.494398,1062,6,9,8191,8698842,4.83,8278688,9/2/2024,5/16/2026,48,31400,1,Government Employee,Instagram,Summer Sale,6,0,2,No,0,0,0,Park,Yes,Unfurnished,South-East,Home Loan,Sold,134
SRP100884,CUST100884,Srijan Meadows,Apartment,4 BHK,Kolkata,Tollygunge,700033,22.488455,88.26165,1829,6,8,7275,13305975,4.53,12703214,5/20/2025,1/29/2027,25,25000,4,Business Owner,Website,Referral Drive,6,3,3,No,0,0,0,"Gym,Pool,Clubhouse",Yes,Fully Furnished,North,Self Funded,Sold,24
SRP100885,CUST100885,Srijan Urban Vista,Apartment,5 BHK,Kolkata,Barasat,711101,22.587726,88.341647,635,29,29,8111,5150485,2.5,5021723,4/28/2024,1/7/2025,29,63000,4,Teacher,Website,New Year Campaign,10,6,1,Yes,2347565,9.32,25,"Pool,Park",Yes,Semi-Furnished,West,Mixed,Negotiation,
SRP100886,CUST100886,Srijan Residency,Penthouse,2 BHK,Kolkata,Sonarpur,700107,22.673622,88.475879,859,24,34,7191,6177069,2.71,6009670,9/17/2024,1/11/2026,39,114200,4,Business Owner,Facebook,Premium Launch,13,0,1,Yes,3033627,8.59,25,"Gym,Clubhouse",No,Semi-Furnished,East,Home Loan,Negotiation,
SRP100887,CUST100887,Srijan Meadows,Villa,1 BHK,Kolkata,Dum Dum,700107,22.695136,88.422415,627,30,30,6286,3941322,1.9,3866437,3/4/2025,4/24/2026,56,119000,4,Engineer,Referral,New Year Campaign,8,1,2,Yes,1845502,8.7,10,"Gym,Pool",Yes,Semi-Furnished,West,Home Loan,Sold,19
SRP100888,CUST100888,Srijan Greenview,Apartment,1 BHK,Kolkata,Tollygunge,711101,22.56673,88.41185,1163,5,7,8973,10435599,7.3,9673800,2/24/2023,12/10/2023,38,176600,4,Engineer,Email Campaign,Referral Drive,5,3,1,No,0,0,0,"Pool,Park",Yes,Semi-Furnished,North,Mixed,Sold,53
SRP100889,CUST100889,Srijan Prime,Apartment,4 BHK,Kolkata,Rajarhat,700102,22.495289,88.54955,1840,3,16,7597,13978480,0.14,13958910,4/20/2024,9/21/2024,28,53400,4,Teacher,Broker,Festive Offer,14,3,1,Yes,3204000,8.44,20,"Pool,Park",Yes,Unfurnished,South-East,Self Funded,Negotiation,
SRP100890,CUST100890,Srijan Greenview,Plot,3 BHK,Kolkata,Salt Lake,700124,22.7249,88.493723,849,26,26,6065,5149185,3.65,4961240,8/17/2023,5/2/2025,42,53900,2,Private Employee,Property Portal,Monsoon Offer,9,5,1,Yes,2334564,9.69,20,"Pool,Park",Yes,Fully Furnished,South,Home Loan,Available,
SRP100891,CUST100891,Srijan Gardenia,Apartment,4 BHK,Kolkata,Barasat,711101,22.652381,88.378499,1122,22,22,4365,4897530,1.51,4823577,11/8/2024,1/28/2026,29,46600,2,Self Employed,Property Portal,New Year Campaign,5,3,0,No,0,0,0,"Pool,Park",Yes,Semi-Furnished,South-East,Home Loan,Available,
SRP100892,CUST100892,Srijan Realty Heights,Plot,4 BHK,Kolkata,Rajarhat,700052,22.511674,88.527953,1008,28,28,8026,8090208,4.21,7749610,9/22/2022,2/15/2025,30,64800,6,IT Professional,Walk-in,Monsoon Offer,11,2,2,No,0,0,0,Swimming Pool,Yes,Unfurnished,West,Home Loan,Negotiation,
SRP100893,CUST100893,Srijan Urban Vista,Apartment,3 BHK,Kolkata,Barasat,700091,22.693125,88.381279,1228,30,30,6923,8501444,6.69,7932697,11/18/2025,5/28/2027,46,145600,3,Self Employed,Referral,Monsoon Offer,12,1,2,No,0,0,0,Basic,Yes,Fully Furnished,North,Mixed,Sold,62
SRP100894,CUST100894,Srijan Enclave,Apartment,3 BHK,Kolkata,Ballygunge,700124,22.550967,88.303844,1165,12,12,10663,12422395,6.14,11659660,11/27/2025,11/15/2027,38,73600,4,Doctor,Walk-in,Monsoon Offer,13,2,2,Yes,4416000,8.72,30,Basic,Yes,Semi-Furnished,South-East,Self Funded,Sold,72
SRP100895,CUST100895,Srijan Realty Heights,Plot,2 BHK,Kolkata,Ballygunge,711101,22.515923,88.486144,1173,22,22,11430,13407390,7.74,12369658,9/27/2022,9/9/2024,32,71200,2,Government Employee,Broker,Monsoon Offer,3,1,0,Yes,4272000,9.27,25,Clubhouse,No,Unfurnished,West,Home Loan,Negotiation,
SRP100896,CUST100896,Srijan Enclave,Plot,4 BHK,Kolkata,Tollygunge,700019,22.477804,88.435886,1201,30,30,6711,8059911,5.01,7656109,7/25/2024,9/6/2025,33,82100,2,Self Employed,Email Campaign,Digital Awareness,11,5,1,No,0,0,0,"Gym,Pool",Yes,Unfurnished,West,Self Funded,Sold,76
SRP100897,CUST100897,Srijan Prime,Plot,1 BHK,Kolkata,Sonarpur,700084,22.588509,88.424998,998,29,31,6393,6380214,8.81,5818117,7/2/2025,9/18/2027,39,34600,4,Doctor,Referral,Festive Offer,7,3,1,No,0,0,0,Swimming Pool,Yes,Semi-Furnished,North-East,Self Funded,Sold,24
SRP100898,CUST100898,Srijan Harmony,Apartment,2 BHK,Kolkata,Behala,700107,22.526376,88.451788,1148,21,21,5325,6113100,8.98,5564144,10/1/2025,1/2/2026,21,83900,1,Teacher,Google Ads,Digital Awareness,9,0,0,No,0,0,0,Swimming Pool,No,Semi-Furnished,North-East,Mixed,Sold,37
SRP100899,CUST100899,Srijan Residency,Villa,1 BHK,Kolkata,Garia,700033,22.558427,88.3259,1620,6,27,6285,10181700,8.8,9285710,1/17/2024,3/14/2026,48,48100,2,Doctor,Facebook,Summer Sale,8,1,0,Yes,2886000,9.68,20,Swimming Pool,Yes,Unfurnished,North-East,Self Funded,Negotiation,
SRP100900,CUST100900,Srijan Courtyard,Apartment,3 BHK,Kolkata,Sonarpur,700033,22.503492,88.413283,1175,9,9,6153,7229775,10,6506798,5/23/2024,10/21/2024,29,72100,4,Doctor,Referral,Monsoon Offer,5,3,1,No,0,0,0,"Gym,Pool",Yes,Semi-Furnished,North-East,Home Loan,Negotiation,
SRP100901,CUST100901,Srijan Realty Heights,Plot,3 BHK,Kolkata,Tollygunge,700052,22.7437,88.518718,911,8,20,5991,5457801,5.34,5166354,8/15/2024,3/14/2025,25,106700,3,Other,Instagram,Premium Launch,7,5,1,No,0,0,0,Park,Yes,Semi-Furnished,East,Home Loan,Sold,106
SRP100902,CUST100902,Srijan Urban Vista,Penthouse,4 BHK,Kolkata,Tollygunge,700064,22.52107,88.4293,674,10,21,5417,3651058,2.83,3547733,7/8/2023,4/29/2025,35,38000,3,Other,Email Campaign,Digital Awareness,7,1,3,Yes,2280000,8.5,15,Swimming Pool,Yes,Semi-Furnished,South,Home Loan,Available,
SRP100903,CUST100903,Srijan Greenview,Apartment,4 BHK,Kolkata,Behala,700033,22.465728,88.285333,1775,16,17,4378,7770950,5.47,7345879,1/5/2024,2/10/2026,26,96900,3,Private Employee,Broker,Summer Sale,6,3,3,Yes,5814000,8.75,30,Gym,No,Semi-Furnished,South,Mixed,Sold,120
SRP100904,CUST100904,Srijan Urban Vista,Apartment,2 BHK,Kolkata,Howrah,700052,22.622457,88.28257,666,12,13,6547,4360302,0.07,4357250,9/13/2024,2/20/2026,41,82800,4,Doctor,Referral,Summer Sale,9,2,1,Yes,2905526,9.44,25,Basic,Yes,Fully Furnished,South-East,Mixed,Available,
SRP100905,CUST100905,Srijan Prime,Apartment,2 BHK,Kolkata,New Town,700052,22.748313,88.380884,845,15,20,6850,5788250,8.29,5308404,12/9/2023,1/5/2026,32,81300,1,Engineer,Broker,Festive Offer,7,3,1,No,0,0,0,"Gym,Clubhouse",Yes,Semi-Furnished,South-East,Home Loan,Available,
SRP100906,CUST100906,Srijan Enclave,Apartment,5 BHK,Kolkata,Behala,700107,22.636218,88.290345,966,30,30,6673,6446118,2.4,6291411,12/22/2024,11/30/2025,26,102700,4,Other,Google Ads,Monsoon Offer,10,1,1,Yes,3909360,9.83,25,Clubhouse,No,Semi-Furnished,South-East,Home Loan,Available,
SRP100907,CUST100907,Srijan Greenview,Apartment,1 BHK,Kolkata,Barasat,700102,22.460213,88.508998,695,24,24,6013,4179035,5.13,3964651,8/20/2023,12/3/2023,21,31500,5,Other,Website,Festive Offer,10,7,1,Yes,1808575,8.66,25,Basic,Yes,Unfurnished,West,Home Loan,Sold,13
SRP100908,CUST100908,Srijan Courtyard,Villa,4 BHK,Kolkata,Garia,700102,22.743704,88.309964,872,28,28,7254,6325488,7.09,5877011,1/26/2025,12/18/2025,21,72200,5,Doctor,Instagram,Referral Drive,6,4,1,Yes,2736003,8.24,20,Swimming Pool,No,Fully Furnished,South-East,Home Loan,Sold,59
SRP100909,CUST100909,Srijan Courtyard,Apartment,1 BHK,Kolkata,EM Bypass,700102,22.578386,88.480176,942,25,25,8997,8475174,2.61,8253972,1/7/2025,4/17/2025,32,109700,1,Self Employed,Facebook,Referral Drive,4,3,1,Yes,6582000,9.29,15,"Gym,Pool,Clubhouse",Yes,Semi-Furnished,South,Mixed,Sold,30
SRP100910,CUST100910,Srijan Realty Heights,Apartment,5 BHK,Kolkata,Ballygunge,700052,22.467012,88.42037,1901,28,28,7679,14597779,3.1,14145248,5/26/2023,7/14/2024,30,54200,2,IT Professional,Walk-in,Referral Drive,8,7,0,No,0,0,0,Park,No,Unfurnished,South,Self Funded,Sold,53
SRP100911,CUST100911,Srijan Prime,Penthouse,2 BHK,Kolkata,Tollygunge,700019,22.738458,88.267473,1101,24,24,6328,6967128,2.81,6771352,10/6/2025,5/21/2026,35,163300,4,Government Employee,Walk-in,Summer Sale,8,0,1,Yes,5126815,8.61,10,"Gym,Pool",Yes,Unfurnished,South-East,Self Funded,Available,
SRP100912,CUST100912,Srijan Harmony,Apartment,2 BHK,Kolkata,Garia,700107,22.533281,88.276211,1363,5,13,6936,9453768,1.53,9309125,6/7/2022,4/2/2023,39,109600,3,Engineer,Referral,Premium Launch,8,5,0,No,0,0,0,Swimming Pool,Yes,Fully Furnished,South-East,Self Funded,Sold,56
SRP100913,CUST100913,Srijan Prime,Villa,4 BHK,Kolkata,Dum Dum,700033,22.635322,88.458773,825,3,20,4745,3914625,0.49,3895443,7/11/2024,11/2/2024,40,32400,4,Private Employee,Facebook,Monsoon Offer,8,2,0,Yes,1944000,8.44,20,"Gym,Clubhouse",Yes,Semi-Furnished,South,Home Loan,Available,
SRP100914,CUST100914,Srijan Enclave,Apartment,3 BHK,Kolkata,Salt Lake,700064,22.708505,88.415481,864,11,24,8795,7598880,4.7,7241733,12/22/2025,6/16/2027,37,92200,3,Government Employee,Referral,Referral Drive,8,4,0,Yes,4072021,8.61,30,Park,Yes,Unfurnished,South-East,Self Funded,Negotiation,
SRP100915,CUST100915,Srijan Urban Vista,Apartment,5 BHK,Kolkata,Salt Lake,700019,22.623885,88.450554,1138,10,33,8072,9185936,0,9185936,8/12/2025,4/24/2026,49,45300,2,Teacher,Google Ads,Monsoon Offer,10,2,2,Yes,2718000,8.72,20,Basic,Yes,Semi-Furnished,East,Home Loan,Negotiation,
SRP100916,CUST100916,Srijan Courtyard,Apartment,2 BHK,Kolkata,Howrah,700107,22.47999,88.485515,1156,10,19,7052,8152112,3.58,7860266,12/12/2024,5/19/2025,26,37300,6,Other,Email Campaign,New Year Campaign,8,3,1,Yes,2238000,8.69,30,Swimming Pool,No,Semi-Furnished,West,Home Loan,Available,
SRP100917,CUST100917,Srijan Urban Vista,Plot,3 BHK,Kolkata,Ballygunge,700124,22.727473,88.367763,1071,23,27,7604,8143884,7.96,7495631,8/29/2024,10/16/2025,33,66200,6,Doctor,Referral,Summer Sale,9,3,1,Yes,3749330,8.14,20,Clubhouse,Yes,Fully Furnished,West,Mixed,Negotiation,
SRP100918,CUST100918,Srijan Urban Vista,Apartment,2 BHK,Kolkata,Rajarhat,711101,22.558791,88.287898,1891,7,25,6451,12198841,4.29,11675511,4/23/2023,2/14/2024,37,66600,5,Other,Google Ads,Referral Drive,5,2,3,Yes,3996000,8.36,20,"Gym,Pool",No,Semi-Furnished,West,Mixed,Available,
SRP100919,CUST100919,Srijan Urban Vista,Apartment,3 BHK,Kolkata,Barasat,711101,22.671457,88.312144,1407,15,26,3822,5377554,6.05,5052212,3/5/2024,6/20/2025,29,106200,2,Private Employee,Broker,Digital Awareness,12,1,2,No,0,0,0,"Pool,Park",No,Semi-Furnished,North,Mixed,Sold,22
SRP100920,CUST100920,Srijan Courtyard,Penthouse,4 BHK,Kolkata,Dum Dum,700084,22.711194,88.38305,1666,30,30,5738,9559508,1.07,9457221,4/2/2025,6/18/2027,30,58900,2,Private Employee,Broker,Monsoon Offer,7,2,2,No,0,0,0,Swimming Pool,Yes,Fully Furnished,East,Self Funded,Available,
SRP100921,CUST100921,Srijan Meadows,Apartment,2 BHK,Kolkata,Tollygunge,700084,22.645743,88.327829,840,27,27,5575,4683000,5.05,4446508,1/2/2023,7/3/2024,32,59300,3,Doctor,Walk-in,Festive Offer,4,2,2,Yes,3529243,8.33,20,Park,Yes,Semi-Furnished,South-East,Home Loan,Available,
SRP100922,CUST100922,Srijan Gardenia,Apartment,4 BHK,Kolkata,Salt Lake,700084,22.476706,88.26459,832,19,19,8530,7096960,4.9,6749209,3/20/2023,7/7/2023,40,68000,2,Other,Facebook,Premium Launch,8,3,1,Yes,3665358,7.2,15,Swimming Pool,Yes,Unfurnished,North,Home Loan,Available,
SRP100923,CUST100923,Srijan Enclave,Apartment,1 BHK,Kolkata,Ballygunge,700124,22.674301,88.345449,1727,16,16,10790,18634330,0.22,18593334,7/19/2024,2/15/2026,21,115500,4,Engineer,Broker,Festive Offer,8,2,1,No,0,0,0,Swimming Pool,Yes,Semi-Furnished,North-East,Mixed,Sold,77
SRP100924,CUST100924,Srijan Meadows,Apartment,2 BHK,Kolkata,Garia,700091,22.468398,88.475432,450,1,7,4390,1975500,6.52,1846697,5/27/2023,8/31/2024,45,67300,3,Other,Google Ads,Digital Awareness,11,3,1,Yes,1178709,7.2,20,Clubhouse,No,Semi-Furnished,West,Home Loan,Sold,58
SRP100925,CUST100925,Srijan Enclave,Apartment,2 BHK,Kolkata,EM Bypass,700052,22.656847,88.424453,1280,5,9,6022,7708160,11.68,6807847,10/6/2023,2/9/2026,37,79200,4,Government Employee,Walk-in,Monsoon Offer,8,2,1,Yes,4023969,9.35,20,"Gym,Pool,Clubhouse",No,Semi-Furnished,South,Home Loan,Sold,69
SRP100926,CUST100926,Srijan Greenview,Plot,4 BHK,Kolkata,Behala,700052,22.561945,88.519475,1833,5,26,5265,9650745,4.44,9222252,5/8/2024,7/6/2026,21,92300,5,Other,Walk-in,Festive Offer,9,0,2,Yes,5538000,9.15,20,"Gym,Pool,Clubhouse",No,Semi-Furnished,North,Self Funded,Sold,57
SRP100927,CUST100927,Srijan Prime,Plot,3 BHK,Kolkata,Tollygunge,700084,22.725107,88.440672,764,12,12,6169,4713116,4.28,4511395,7/27/2022,11/22/2024,52,64800,3,Self Employed,Facebook,Premium Launch,7,2,2,Yes,2543170,8.66,20,"Gym,Clubhouse",Yes,Semi-Furnished,South-East,Mixed,Sold,85
SRP100928,CUST100928,Srijan Prime,Apartment,3 BHK,Kolkata,Garia,700102,22.580965,88.254912,1821,2,5,4911,8942931,8.14,8214976,7/13/2024,8/10/2025,41,127100,3,IT Professional,Instagram,Premium Launch,10,2,0,Yes,4071314,7.91,20,Clubhouse,Yes,Semi-Furnished,East,Mixed,Available,
SRP100929,CUST100929,Srijan Residency,Apartment,2 BHK,Kolkata,Ballygunge,711101,22.732382,88.263596,1830,19,19,8953,16383990,5.67,15455018,10/21/2022,3/24/2024,35,101700,4,IT Professional,Walk-in,Referral Drive,15,1,1,Yes,6102000,8.39,15,"Pool,Park",Yes,Unfurnished,North,Self Funded,Available,
SRP100930,CUST100930,Srijan Prime,Apartment,3 BHK,Kolkata,Ballygunge,700091,22.698805,88.278507,1736,2,13,8251,14323736,7.66,13226538,9/10/2022,4/21/2023,35,55600,6,Government Employee,Instagram,Summer Sale,11,2,3,Yes,3336000,8.61,10,"Gym,Clubhouse",Yes,Unfurnished,South,Self Funded,Sold,43
SRP100931,CUST100931,Srijan Courtyard,Apartment,2 BHK,Kolkata,Garia,700019,22.574673,88.448746,762,24,31,3976,3029712,2.53,2953060,8/30/2022,12/2/2023,37,54300,2,Other,Property Portal,Referral Drive,6,7,1,Yes,2073896,9.85,20,"Gym,Clubhouse",Yes,Unfurnished,West,Mixed,Sold,75
SRP100932,CUST100932,Srijan Harmony,Apartment,3 BHK,Kolkata,Salt Lake,711101,22.581039,88.268819,1783,26,26,5744,10241552,0,10241552,8/13/2022,3/3/2024,33,79300,4,Business Owner,Walk-in,Festive Offer,5,1,2,Yes,4758000,8.3,25,"Gym,Pool,Clubhouse",No,Unfurnished,North,Mixed,Available,
SRP100933,CUST100933,Srijan Realty Heights,Apartment,3 BHK,Kolkata,Sonarpur,700091,22.684189,88.417502,824,12,12,7590,6254160,2.01,6128451,1/4/2022,3/24/2024,34,69200,6,IT Professional,Referral,Festive Offer,8,0,1,Yes,4152000,7.84,30,Clubhouse,Yes,Unfurnished,North-East,Home Loan,Negotiation,
SRP100934,CUST100934,Srijan Residency,Apartment,3 BHK,Kolkata,Tollygunge,700064,22.56825,88.412476,1129,9,10,4519,5101951,4.08,4893791,10/30/2023,3/8/2026,38,53100,4,Self Employed,Broker,Referral Drive,12,0,2,No,0,0,0,"Gym,Pool,Clubhouse",Yes,Unfurnished,North-East,Home Loan,Available,
SRP100935,CUST100935,Srijan Realty Heights,Plot,2 BHK,Kolkata,New Town,700064,22.713687,88.333376,1302,17,18,6027,7847154,0.06,7842446,9/22/2022,2/21/2023,28,91800,2,Business Owner,Google Ads,Festive Offer,4,2,1,Yes,5087599,9.02,25,Park,Yes,Unfurnished,North-East,Self Funded,Negotiation,
SRP100936,CUST100936,Srijan Enclave,Plot,4 BHK,Kolkata,New Town,711101,22.653747,88.484163,1034,22,22,8548,8838632,6.52,8262353,11/4/2022,11/8/2024,32,62700,4,Business Owner,Walk-in,Premium Launch,9,2,2,Yes,3762000,10.21,20,"Gym,Clubhouse",No,Semi-Furnished,South-East,Mixed,Available,
SRP100937,CUST100937,Srijan Realty Heights,Apartment,2 BHK,Kolkata,Tollygunge,700124,22.520301,88.528608,1207,5,33,6571,7931197,10.56,7093663,10/21/2024,10/22/2026,45,47000,5,Other,Instagram,Referral Drive,4,6,0,No,0,0,0,"Pool,Park",Yes,Fully Furnished,North-East,Home Loan,Negotiation,
SRP100938,CUST100938,Srijan Realty Heights,Apartment,4 BHK,Kolkata,Tollygunge,700084,22.651933,88.304329,1447,1,20,5806,8401282,6.93,7819073,8/19/2025,11/20/2025,36,124900,6,Self Employed,Facebook,Premium Launch,7,3,2,Yes,6081814,8.63,15,Clubhouse,Yes,Semi-Furnished,East,Home Loan,Available,
SRP100939,CUST100939,Srijan Residency,Apartment,2 BHK,Kolkata,Howrah,700107,22.591631,88.51461,1649,21,30,3699,6099651,8.02,5610459,9/6/2022,8/11/2024,39,44900,5,Private Employee,Referral,Referral Drive,9,0,2,No,0,0,0,Clubhouse,Yes,Fully Furnished,South-East,Home Loan,Sold,67
SRP100940,CUST100940,Srijan Greenview,Apartment,2 BHK,Kolkata,Dum Dum,700019,22.689463,88.459807,1252,24,24,7679,9614108,10.12,8641160,4/18/2025,4/9/2027,45,47000,4,IT Professional,Walk-in,Monsoon Offer,11,4,6,Yes,2820000,10.58,20,"Gym,Pool,Clubhouse",Yes,Fully Furnished,East,Home Loan,Available,
SRP100941,CUST100941,Srijan Urban Vista,Apartment,2 BHK,Kolkata,Dum Dum,700102,22.56397,88.513738,1280,13,13,7074,9054720,4.92,8609228,6/16/2023,1/1/2025,49,73600,3,Doctor,Website,Monsoon Offer,6,1,0,Yes,4416000,9.12,20,"Gym,Clubhouse",Yes,Semi-Furnished,North-East,Home Loan,Negotiation,
SRP100942,CUST100942,Srijan Prime,Penthouse,3 BHK,Kolkata,Barasat,711101,22.485572,88.399573,770,4,32,6466,4978820,4.26,4766722,9/26/2025,3/14/2026,29,90600,5,Teacher,Website,Summer Sale,16,3,0,No,0,0,0,"Gym,Clubhouse",Yes,Fully Furnished,West,Self Funded,Sold,76
SRP100943,CUST100943,Srijan Prime,Apartment,2 BHK,Kolkata,EM Bypass,711101,22.538555,88.542428,894,12,34,7728,6908832,7.3,6404487,8/2/2023,12/10/2024,38,34100,5,Business Owner,Google Ads,Premium Launch,10,3,2,Yes,2046000,8.26,25,Gym,No,Semi-Furnished,North-East,Self Funded,Sold,7
SRP100944,CUST100944,Srijan Courtyard,Villa,2 BHK,Kolkata,Howrah,700091,22.512713,88.260414,1137,18,18,7648,8695776,7.02,8085333,4/22/2024,9/4/2024,27,158800,1,Business Owner,Broker,Monsoon Offer,7,5,2,No,0,0,0,Clubhouse,Yes,Fully Furnished,South,Home Loan,Available,
SRP100945,CUST100945,Srijan Residency,Apartment,2 BHK,Kolkata,Rajarhat,711101,22.639973,88.527743,702,28,28,9314,6538428,6.12,6138276,12/16/2025,2/5/2028,40,50400,4,Business Owner,Property Portal,Premium Launch,7,4,2,No,0,0,0,Park,Yes,Unfurnished,North-East,Home Loan,Available,
SRP100946,CUST100946,Srijan Courtyard,Apartment,3 BHK,Kolkata,Behala,700084,22.578564,88.379628,1992,14,33,4402,8768784,0,8768784,10/22/2025,7/1/2027,22,138200,2,Private Employee,Facebook,Festive Offer,1,5,1,Yes,6687680,8.61,20,"Gym,Clubhouse",No,Unfurnished,West,Home Loan,Available,
SRP100947,CUST100947,Srijan Harmony,Apartment,4 BHK,Kolkata,Tollygunge,700019,22.65961,88.4218,1726,14,29,5901,10185126,6.24,9549574,12/5/2023,8/16/2024,41,40600,3,Government Employee,Property Portal,Summer Sale,10,1,0,Yes,2436000,7.73,20,Clubhouse,Yes,Unfurnished,West,Home Loan,Sold,47
SRP100948,CUST100948,Srijan Harmony,Apartment,4 BHK,Kolkata,Salt Lake,700124,22.45939,88.266101,797,10,22,4962,3954714,4.03,3795339,3/20/2022,3/10/2023,24,38800,2,Teacher,Property Portal,New Year Campaign,7,3,2,Yes,2328000,8.07,15,Clubhouse,Yes,Unfurnished,South,Home Loan,Negotiation,
SRP100949,CUST100949,Srijan Courtyard,Plot,3 BHK,Kolkata,Rajarhat,700033,22.453274,88.43552,1464,16,17,5011,7336104,1.28,7242202,11/26/2024,9/13/2025,40,159000,3,Doctor,Broker,Summer Sale,14,4,0,Yes,4595906,7.66,25,"Gym,Pool,Clubhouse",Yes,Fully Furnished,South-East,Home Loan,Available,
SRP100950,CUST100950,Srijan Residency,Plot,3 BHK,Kolkata,Tollygunge,700124,22.688173,88.5412,1599,30,30,7693,12301107,5.57,11615935,3/25/2022,7/28/2023,42,85300,3,Self Employed,Walk-in,Festive Offer,9,3,1,No,0,0,0,Swimming Pool,No,Semi-Furnished,East,Mixed,Sold,98
SRP100951,CUST100951,Srijan Courtyard,Penthouse,4 BHK,Kolkata,Rajarhat,700124,22.596481,88.429378,2120,9,18,7320,15518400,7.66,14329691,12/10/2023,5/3/2024,44,92300,5,Private Employee,Website,Summer Sale,12,2,2,No,0,0,0,"Gym,Pool,Clubhouse",Yes,Semi-Furnished,West,Home Loan,Negotiation,
SRP100952,CUST100952,Srijan Prime,Apartment,3 BHK,Kolkata,Behala,700019,22.708021,88.430081,895,18,29,6735,6027825,5.73,5682431,11/9/2025,1/26/2028,47,66900,3,Doctor,Walk-in,Referral Drive,6,2,0,Yes,4014000,8.9,20,Gym,Yes,Semi-Furnished,South-East,Home Loan,Sold,96
SRP100953,CUST100953,Srijan Meadows,Apartment,3 BHK,Kolkata,Salt Lake,700102,22.574365,88.364476,1768,12,12,8380,14815840,5.39,14017266,4/22/2023,5/14/2024,31,76700,2,Teacher,Facebook,Digital Awareness,12,1,1,Yes,4602000,7.76,20,Basic,Yes,Semi-Furnished,North-East,Home Loan,Negotiation,
SRP100954,CUST100954,Srijan Gardenia,Apartment,4 BHK,Kolkata,Salt Lake,700052,22.504206,88.371202,927,22,29,6487,6013449,5.79,5665270,5/9/2025,8/27/2025,34,80700,2,Doctor,Instagram,Digital Awareness,9,2,2,No,0,0,0,Gym,Yes,Fully Furnished,West,Self Funded,Negotiation,
SRP100955,CUST100955,Srijan Realty Heights,Apartment,2 BHK,Kolkata,Salt Lake,700091,22.564268,88.404266,518,7,20,4188,2169384,3.38,2096059,5/25/2023,1/9/2024,35,62200,4,Business Owner,Website,Digital Awareness,8,3,1,Yes,1037817,9.56,15,"Pool,Park",Yes,Fully Furnished,North,Mixed,Available,
SRP100956,CUST100956,Srijan Gardenia,Apartment,3 BHK,Kolkata,Ballygunge,700033,22.464413,88.26437,1723,18,18,5979,10301817,0.58,10242066,3/18/2022,11/26/2022,37,71000,2,Teacher,Instagram,Premium Launch,7,4,2,Yes,4260000,7.2,15,"Gym,Pool,Clubhouse",No,Semi-Furnished,North-East,Home Loan,Available,
SRP100957,CUST100957,Srijan Residency,Apartment,3 BHK,Kolkata,Salt Lake,700064,22.513131,88.4663,757,3,11,6199,4692643,6.15,4404045,4/20/2024,12/26/2024,33,77400,4,Teacher,Facebook,Premium Launch,8,3,2,Yes,2533424,8.38,25,"Pool,Park",No,Semi-Furnished,North-East,Mixed,Sold,33
SRP100958,CUST100958,Srijan Gardenia,Apartment,5 BHK,Kolkata,Sonarpur,700102,22.686931,88.280313,955,10,19,8607,8219685,0,8219685,9/20/2023,8/17/2024,35,71900,5,Other,Google Ads,Premium Launch,9,5,1,Yes,4314000,8.13,20,"Gym,Pool",No,Fully Furnished,South-East,Self Funded,Negotiation,
SRP100959,CUST100959,Srijan Harmony,Apartment,3 BHK,Kolkata,Sonarpur,700102,22.668124,88.309166,1206,7,10,5727,6906762,7.65,6378395,3/3/2024,9/8/2025,30,45700,4,Teacher,Referral,New Year Campaign,3,1,1,No,0,0,0,"Gym,Pool",Yes,Semi-Furnished,East,Mixed,Sold,41
SRP100960,CUST100960,Srijan Enclave,Apartment,3 BHK,Kolkata,Barasat,700019,22.682516,88.3331,1736,27,27,5105,8862280,8.51,8108100,11/20/2022,6/22/2024,48,72000,1,Other,Property Portal,Premium Launch,5,2,0,No,0,0,0,Gym,Yes,Fully Furnished,South-East,Home Loan,Sold,114
SRP100961,CUST100961,Srijan Realty Heights,Villa,3 BHK,Kolkata,Ballygunge,700084,22.716969,88.465848,1299,5,13,10147,13180953,9.67,11906355,4/1/2022,2/23/2024,23,115800,3,Teacher,Email Campaign,Festive Offer,9,3,1,Yes,6948000,8.09,15,Gym,No,Semi-Furnished,North-East,Mixed,Negotiation,
SRP100962,CUST100962,Srijan Urban Vista,Villa,3 BHK,Kolkata,Barasat,700064,22.679967,88.264331,1106,21,30,4890,5408340,6.91,5034624,4/21/2025,6/21/2027,37,49100,3,IT Professional,Instagram,Digital Awareness,7,4,2,Yes,2946000,8.66,20,Gym,Yes,Fully Furnished,North,Home Loan,Sold,33
SRP100963,CUST100963,Srijan Residency,Apartment,3 BHK,Kolkata,Salt Lake,700091,22.53521,88.393581,1603,20,20,4954,7941262,1.54,7818967,6/24/2023,2/2/2024,29,89000,5,Government Employee,Property Portal,Festive Offer,9,2,0,Yes,5237469,9.33,30,"Gym,Clubhouse",Yes,Unfurnished,West,Mixed,Negotiation,
SRP100964,CUST100964,Srijan Realty Heights,Apartment,2 BHK,Kolkata,New Town,700033,22.470398,88.282431,693,9,27,5811,4027023,3.68,3878829,3/8/2022,8/1/2022,42,81500,2,Self Employed,Website,Summer Sale,7,2,1,No,0,0,0,Basic,Yes,Unfurnished,South,Home Loan,Sold,49
SRP100965,CUST100965,Srijan Gardenia,Apartment,3 BHK,Kolkata,Tollygunge,700084,22.707168,88.263379,1775,5,12,7413,13158075,1.5,12960704,2/24/2025,6/4/2026,46,45900,4,Other,Walk-in,Summer Sale,7,4,1,Yes,2754000,7.2,20,"Gym,Pool",No,Semi-Furnished,North-East,Home Loan,Sold,7
SRP100966,CUST100966,Srijan Harmony,Apartment,2 BHK,Kolkata,Behala,700107,22.644333,88.534151,511,3,7,6111,3122721,7.95,2874465,1/30/2022,7/10/2024,21,86700,4,Self Employed,Walk-in,Monsoon Offer,13,4,3,No,0,0,0,Basic,Yes,Fully Furnished,North,Home Loan,Available,
SRP100967,CUST100967,Srijan Greenview,Apartment,4 BHK,Kolkata,Behala,700064,22.465408,88.264017,1356,10,10,5465,7410540,2.16,7250472,11/18/2022,3/25/2025,30,45400,3,Government Employee,Instagram,New Year Campaign,7,3,1,Yes,2724000,7.2,30,Basic,No,Unfurnished,East,Self Funded,Sold,72
SRP100968,CUST100968,Srijan Meadows,Apartment,2 BHK,Kolkata,New Town,700084,22.543854,88.480999,1403,24,24,9257,12987571,8.39,11897914,2/20/2025,6/30/2027,42,27700,5,Doctor,Property Portal,Festive Offer,2,2,2,Yes,1662000,8.21,15,Basic,No,Unfurnished,North,Home Loan,Negotiation,
SRP100969,CUST100969,Srijan Urban Vista,Apartment,3 BHK,Kolkata,Rajarhat,700064,22.567232,88.319301,1209,22,22,9150,11062350,4.93,10516976,7/11/2023,6/17/2025,26,42300,4,IT Professional,Website,Festive Offer,12,0,1,Yes,2538000,8.26,20,Clubhouse,Yes,Fully Furnished,East,Mixed,Sold,22
SRP100970,CUST100970,Srijan Meadows,Apartment,5 BHK,Kolkata,EM Bypass,700033,22.508904,88.542741,1808,13,32,5207,9414256,6.32,8819275,3/10/2025,12/13/2026,35,65800,6,Teacher,Email Campaign,New Year Campaign,8,2,1,Yes,3948000,7.69,15,Basic,Yes,Unfurnished,North,Mixed,Sold,53
SRP100971,CUST100971,Srijan Realty Heights,Apartment,2 BHK,Kolkata,Barasat,700124,22.584471,88.429471,1892,1,15,6263,11849596,1.85,11630378,9/17/2022,11/27/2024,34,92400,3,Other,Google Ads,Monsoon Offer,5,2,2,Yes,5544000,7.97,25,Swimming Pool,No,Semi-Furnished,South,Mixed,Sold,39
SRP100972,CUST100972,Srijan Harmony,Apartment,3 BHK,Kolkata,Dum Dum,700064,22.656757,88.5041,1411,4,7,5383,7595413,7.53,7023478,11/20/2022,4/27/2024,46,55500,6,Teacher,Facebook,Summer Sale,9,2,3,Yes,3330000,7.2,20,Basic,No,Unfurnished,North,Home Loan,Sold,23
SRP100973,CUST100973,Srijan Harmony,Apartment,2 BHK,Kolkata,Rajarhat,700107,22.74668,88.293907,1149,6,21,5963,6851487,0,6851487,1/20/2025,6/9/2026,29,59000,1,Doctor,Broker,Referral Drive,6,0,0,Yes,3540000,10.84,30,"Gym,Pool",Yes,Fully Furnished,South,Mixed,Available,
SRP100974,CUST100974,Srijan Gardenia,Apartment,3 BHK,Kolkata,Sonarpur,700084,22.515786,88.546268,1733,23,23,5780,10016740,0.7,9946623,5/2/2022,7/7/2024,42,147100,5,Self Employed,Website,Digital Awareness,8,3,1,No,0,0,0,Basic,Yes,Unfurnished,South-East,Self Funded,Sold,104
SRP100975,CUST100975,Srijan Prime,Apartment,4 BHK,Kolkata,Garia,700064,22.56678,88.283499,771,21,21,7969,6144099,5.47,5808017,11/15/2025,9/27/2027,50,72700,1,Private Employee,Website,Monsoon Offer,7,0,2,Yes,4362000,7.7,10,"Gym,Pool,Clubhouse",Yes,Semi-Furnished,East,Home Loan,Negotiation,
SRP100976,CUST100976,Srijan Gardenia,Villa,2 BHK,Kolkata,Tollygunge,700033,22.730446,88.470825,1176,4,26,7360,8655360,6.85,8062468,2/15/2023,7/23/2025,30,67800,3,Self Employed,Website,Referral Drive,6,4,1,Yes,4068000,9.64,20,Basic,No,Unfurnished,South-East,Home Loan,Available,
SRP100977,CUST100977,Srijan Prime,Apartment,3 BHK,Kolkata,Dum Dum,700019,22.554548,88.51695,1764,19,19,7388,13032432,2.14,12753538,9/15/2023,2/26/2024,31,37500,5,Other,Referral,Premium Launch,8,3,2,Yes,2250000,9.5,25,Park,No,Fully Furnished,North,Mixed,Sold,99
SRP100978,CUST100978,Srijan Prime,Penthouse,4 BHK,Kolkata,New Town,700102,22.668491,88.298772,1133,6,27,8544,9680352,6,9099531,11/28/2022,5/19/2024,26,95800,4,Private Employee,Email Campaign,New Year Campaign,8,3,1,Yes,4811092,8.71,15,"Gym,Pool",Yes,Fully Furnished,South,Self Funded,Negotiation,
SRP100979,CUST100979,Srijan Urban Vista,Apartment,1 BHK,Kolkata,Rajarhat,700102,22.61083,88.399617,597,25,25,6181,3690057,0,3690057,1/25/2025,3/23/2027,36,45600,2,Teacher,Email Campaign,Referral Drive,10,5,2,No,0,0,0,Swimming Pool,Yes,Semi-Furnished,North,Home Loan,Available,
SRP100980,CUST100980,Srijan Gardenia,Apartment,3 BHK,Kolkata,Howrah,700064,22.631563,88.547618,1203,8,17,6244,7511532,9.36,6808453,8/29/2023,4/26/2025,21,71600,2,Teacher,Facebook,New Year Campaign,4,2,0,Yes,4296000,8.51,25,"Gym,Pool,Clubhouse",No,Semi-Furnished,South-East,Mixed,Available,
SRP100981,CUST100981,Srijan Greenview,Apartment,1 BHK,Kolkata,EM Bypass,700019,22.452494,88.255031,848,30,30,6680,5664640,4.73,5396703,10/31/2022,9/8/2024,36,71300,4,Government Employee,Property Portal,Monsoon Offer,5,4,0,Yes,2484168,8.87,20,Swimming Pool,Yes,Fully Furnished,South,Mixed,Available,
SRP100982,CUST100982,Srijan Courtyard,Apartment,1 BHK,Kolkata,Sonarpur,700107,22.722797,88.28024,1847,23,23,9097,16802159,6.36,15733542,6/19/2022,2/27/2024,58,45900,4,Engineer,Property Portal,Premium Launch,8,3,2,Yes,2754000,9.61,20,Gym,Yes,Semi-Furnished,East,Mixed,Available,
SRP100983,CUST100983,Srijan Courtyard,Apartment,2 BHK,Kolkata,EM Bypass,700102,22.740185,88.54608,826,21,21,7572,6254472,0,6254472,3/13/2023,6/3/2024,38,65600,4,Self Employed,Instagram,Summer Sale,9,3,0,Yes,3936000,9.58,20,Swimming Pool,Yes,Semi-Furnished,South,Self Funded,Available,
SRP100984,CUST100984,Srijan Gardenia,Villa,2 BHK,Kolkata,New Town,700033,22.48689,88.470375,1493,4,24,7487,11178091,0,11178091,6/10/2025,1/1/2026,21,50800,3,Business Owner,Google Ads,Premium Launch,16,3,3,Yes,3048000,9.9,20,"Gym,Pool,Clubhouse",No,Fully Furnished,West,Home Loan,Sold,98
SRP100985,CUST100985,Srijan Gardenia,Apartment,4 BHK,Kolkata,Sonarpur,700091,22.704849,88.453842,450,21,21,6770,3046500,6.92,2835682,12/11/2023,6/14/2025,45,65000,4,Doctor,Broker,New Year Campaign,4,1,0,No,0,0,0,"Gym,Clubhouse",Yes,Unfurnished,South-East,Home Loan,Sold,75
SRP100986,CUST100986,Srijan Meadows,Penthouse,2 BHK,Kolkata,New Town,700102,22.658216,88.257659,802,7,11,8100,6496200,1.88,6374071,9/15/2022,3/15/2024,51,87900,2,IT Professional,Instagram,Festive Offer,10,2,1,No,0,0,0,"Gym,Pool,Clubhouse",Yes,Unfurnished,North,Home Loan,Available,
SRP100987,CUST100987,Srijan Urban Vista,Apartment,3 BHK,Kolkata,Tollygunge,711101,22.498238,88.493005,732,29,29,6267,4587444,7.14,4259900,12/29/2023,6/27/2025,40,108300,7,Business Owner,Facebook,Monsoon Offer,8,3,1,Yes,2078171,8.35,30,Clubhouse,Yes,Semi-Furnished,East,Self Funded,Sold,77
SRP100988,CUST100988,Srijan Gardenia,Plot,1 BHK,Kolkata,New Town,700107,22.463295,88.506373,2047,13,13,6360,13018920,7.69,12017765,5/26/2025,4/28/2026,39,87200,4,Doctor,Facebook,Summer Sale,5,6,0,Yes,5232000,9.48,20,"Gym,Pool",Yes,Fully Furnished,North-East,Home Loan,Available,
SRP100989,CUST100989,Srijan Meadows,Apartment,4 BHK,Kolkata,Behala,700091,22.701942,88.543146,1055,10,17,5675,5987125,5.41,5663222,12/8/2023,12/15/2024,27,88700,5,Engineer,Instagram,New Year Campaign,9,1,0,Yes,3929684,8.15,20,"Gym,Pool",No,Unfurnished,West,Home Loan,Available,
SRP100990,CUST100990,Srijan Prime,Apartment,2 BHK,Kolkata,Sonarpur,700033,22.602166,88.300151,781,13,34,4641,3624621,4.22,3471662,4/23/2022,5/29/2023,30,50800,5,IT Professional,Instagram,Monsoon Offer,8,0,0,No,0,0,0,Gym,Yes,Semi-Furnished,North-East,Home Loan,Negotiation,
SRP100991,CUST100991,Srijan Harmony,Apartment,4 BHK,Kolkata,Garia,700033,22.712717,88.390082,1383,11,11,6089,8421087,6.26,7893927,9/27/2023,2/6/2024,50,102000,4,IT Professional,Website,Festive Offer,10,5,1,No,0,0,0,"Gym,Pool,Clubhouse",No,Semi-Furnished,East,Home Loan,Available,
SRP100992,CUST100992,Srijan Harmony,Plot,4 BHK,Kolkata,New Town,700084,22.742079,88.533345,1325,8,29,5460,7234500,9.73,6530583,8/18/2022,8/19/2024,21,83700,3,Doctor,Website,Festive Offer,8,2,0,No,0,0,0,"Gym,Pool",Yes,Unfurnished,South-East,Home Loan,Sold,185
SRP100993,CUST100993,Srijan Prime,Apartment,4 BHK,Kolkata,Ballygunge,700107,22.72412,88.523099,2081,15,15,10158,21138798,2.53,20603986,3/4/2023,9/16/2023,40,56100,2,Government Employee,Broker,Premium Launch,6,4,2,No,0,0,0,"Gym,Pool",Yes,Semi-Furnished,East,Mixed,Negotiation,
SRP100994,CUST100994,Srijan Residency,Plot,4 BHK,Kolkata,Dum Dum,700091,22.537197,88.436491,1395,20,28,4735,6605325,9.62,5969893,12/6/2022,4/24/2024,53,25000,6,IT Professional,Property Portal,Festive Offer,5,2,2,No,0,0,0,Clubhouse,Yes,Semi-Furnished,South-East,Home Loan,Negotiation,
SRP100995,CUST100995,Srijan Meadows,Apartment,3 BHK,Kolkata,Howrah,700107,22.536539,88.440019,868,13,13,6877,5969236,5.48,5642122,6/15/2023,3/15/2025,47,137000,2,Private Employee,Website,Premium Launch,8,1,0,Yes,3583188,9.11,15,Basic,Yes,Unfurnished,South,Self Funded,Sold,137
SRP100996,CUST100996,Srijan Meadows,Penthouse,3 BHK,Kolkata,Barasat,700102,22.568663,88.503247,1686,29,29,7730,13032780,3.27,12606608,10/24/2024,7/23/2025,32,39200,5,Engineer,Facebook,Summer Sale,4,0,2,Yes,2352000,7.76,25,"Gym,Pool,Clubhouse",Yes,Semi-Furnished,North-East,Self Funded,Available,
SRP100997,CUST100997,Srijan Prime,Apartment,2 BHK,Kolkata,Salt Lake,700107,22.643529,88.315453,1269,20,26,7295,9257355,4.8,8813002,9/22/2023,3/23/2024,27,227400,2,Doctor,Google Ads,Referral Drive,9,2,2,No,0,0,0,Clubhouse,Yes,Unfurnished,North,Mixed,Available,
SRP100998,CUST100998,Srijan Greenview,Plot,3 BHK,Kolkata,EM Bypass,700019,22.728141,88.471525,800,15,15,6355,5084000,1.73,4996047,3/20/2022,7/26/2022,52,52400,4,Private Employee,Broker,Referral Drive,6,2,2,No,0,0,0,"Gym,Pool,Clubhouse",Yes,Fully Furnished,North,Mixed,Available,
SRP100999,CUST100999,Srijan Enclave,Apartment,3 BHK,Kolkata,Garia,700102,22.676883,88.45583,915,24,27,4225,3865875,5.71,3645134,7/27/2024,8/16/2026,32,65100,5,Private Employee,Google Ads,New Year Campaign,9,0,0,No,0,0,0,"Gym,Clubhouse",Yes,Fully Furnished,South,Self Funded,Sold,72
